data;ae;../keps14/problems/barman/pfile06-021.pddl.sas;313;285;160;132;0.021;data;gae;../keps14/problems/barman/pfile06-021.pddl.sas;313;285;160;132;0.041;data;ptt;../problems/barman/pfile06-021.pddl;313;285;160;132;.02;data;max;../keps14/problems/barman/pfile06-021.pddl.sas;313;285;160;132;0.015;data;sat;../keps14/problems/barman/pfile06-021.pddl.sas;313;285;160;132;0.336;data;wmax;../keps14/problems/barman/pfile06-021.pddl.sas;313;285;160;132;0.27
data;ae;../keps14/problems/barman/pfile06-022.pddl.sas;273;267;129;123;0.020;data;gae;../keps14/problems/barman/pfile06-022.pddl.sas;273;267;129;123;0.025;data;ptt;../problems/barman/pfile06-022.pddl;273;267;129;123;.03;data;max;../keps14/problems/barman/pfile06-022.pddl.sas;273;267;129;123;0.01;data;sat;../keps14/problems/barman/pfile06-022.pddl.sas;273;267;129;123;0.222;data;wmax;../keps14/problems/barman/pfile06-022.pddl.sas;273;267;129;123;0.12
data;ae;../keps14/problems/barman/pfile06-023.pddl.sas;302;280;149;127;0.021;data;gae;../keps14/problems/barman/pfile06-023.pddl.sas;302;280;149;127;0.036;data;ptt;../problems/barman/pfile06-023.pddl;302;280;149;127;.02;data;max;../keps14/problems/barman/pfile06-023.pddl.sas;302;280;149;127;0.012;data;sat;../keps14/problems/barman/pfile06-023.pddl.sas;302;280;149;127;0.294;data;wmax;../keps14/problems/barman/pfile06-023.pddl.sas;302;280;149;127;0.16
data;ae;../keps14/problems/barman/pfile06-024.pddl.sas;307;289;154;136;0.023;data;gae;../keps14/problems/barman/pfile06-024.pddl.sas;307;289;154;136;0.033;data;ptt;../problems/barman/pfile06-024.pddl;307;289;154;136;.03;data;max;../keps14/problems/barman/pfile06-024.pddl.sas;307;289;154;136;0.012;data;sat;../keps14/problems/barman/pfile06-024.pddl.sas;307;289;154;136;0.332;data;wmax;../keps14/problems/barman/pfile06-024.pddl.sas;307;289;154;136;0.30
data;ae;../keps14/problems/barman/pfile07-025.pddl.sas;295;291;133;129;0.022;data;gae;../keps14/problems/barman/pfile07-025.pddl.sas;295;291;133;129;0.027;data;ptt;../problems/barman/pfile07-025.pddl;295;291;133;129;.03;data;max;../keps14/problems/barman/pfile07-025.pddl.sas;295;291;133;129;0.008;data;sat;../keps14/problems/barman/pfile07-025.pddl.sas;295;291;133;129;0.190;data;wmax;../keps14/problems/barman/pfile07-025.pddl.sas;295;291;133;129;0.11
data;ae;../keps14/problems/barman/pfile07-026.pddl.sas;441;354;216;165;0.026;data;gae;../keps14/problems/barman/pfile07-026.pddl.sas;441;348;216;159;0.062;data;ptt;../problems/barman/pfile07-026.pddl;441;413;216;188;.06;data;max;../keps14/problems/barman/pfile07-026.pddl.sas;441;313;216;142;0.027;data;sat;../keps14/problems/barman/pfile07-026.pddl.sas;441;319;216;148;0.457;data;wmax;../keps14/problems/barman/pfile07-026.pddl.sas;441;313;216;142;0.88
data;ae;../keps14/problems/barman/pfile07-027.pddl.sas;318;306;147;135;0.020;data;gae;../keps14/problems/barman/pfile07-027.pddl.sas;318;306;147;135;0.032;data;ptt;../problems/barman/pfile07-027.pddl;318;306;147;135;.04;data;max;../keps14/problems/barman/pfile07-027.pddl.sas;318;306;147;135;0.011;data;sat;../keps14/problems/barman/pfile07-027.pddl.sas;318;306;147;135;0.308;data;wmax;../keps14/problems/barman/pfile07-027.pddl.sas;318;306;147;135;0.21
data;ae;../keps14/problems/barman/pfile07-028.pddl.sas;333;312;162;150;0.025;data;gae;../keps14/problems/barman/pfile07-028.pddl.sas;333;312;162;150;0.040;data;ptt;../problems/barman/pfile07-028.pddl;333;312;162;150;.04;data;max;../keps14/problems/barman/pfile07-028.pddl.sas;333;312;162;150;0.016;data;sat;../keps14/problems/barman/pfile07-028.pddl.sas;333;312;162;150;0.313;data;wmax;../keps14/problems/barman/pfile07-028.pddl.sas;333;312;162;150;0.19
data;ae;../keps14/problems/barman/pfile08-029.pddl.sas;398;349;191;160;0.025;data;gae;../keps14/problems/barman/pfile08-029.pddl.sas;398;345;191;156;0.044;data;ptt;../problems/barman/pfile08-029.pddl;398;380;191;173;.05;data;max;../keps14/problems/barman/pfile08-029.pddl.sas;398;343;191;154;0.026;data;sat;../keps14/problems/barman/pfile08-029.pddl.sas;398;349;191;160;0.360;data;wmax;../keps14/problems/barman/pfile08-029.pddl.sas;398;343;191;154;0.86
data;ae;../keps14/problems/barman/pfile08-030.pddl.sas;365;344;176;164;0.027;data;gae;../keps14/problems/barman/pfile08-030.pddl.sas;365;344;176;164;0.043;data;ptt;../problems/barman/pfile08-030.pddl;365;344;176;164;.04;data;max;../keps14/problems/barman/pfile08-030.pddl.sas;365;344;176;164;0.014;data;sat;../keps14/problems/barman/pfile08-030.pddl.sas;365;344;176;164;0.307;data;wmax;../keps14/problems/barman/pfile08-030.pddl.sas;365;344;176;164;0.20
data;ae;../keps14/problems/barman/pfile08-031.pddl.sas;453;354;219;165;0.027;data;gae;../keps14/problems/barman/pfile08-031.pddl.sas;453;349;219;160;0.057;data;ptt;../problems/barman/pfile08-031.pddl;453;416;219;191;.07;data;max;../keps14/problems/barman/pfile08-031.pddl.sas;453;347;219;158;0.031;data;sat;../keps14/problems/barman/pfile08-031.pddl.sas;453;350;219;161;0.446;data;wmax;../keps14/problems/barman/pfile08-031.pddl.sas;453;347;219;158;0.74
data;ae;../keps14/problems/barman/pfile08-032.pddl.sas;386;370;179;163;0.025;data;gae;../keps14/problems/barman/pfile08-032.pddl.sas;386;370;179;163;0.045;data;ptt;../problems/barman/pfile08-032.pddl;386;370;179;163;.04;data;max;../keps14/problems/barman/pfile08-032.pddl.sas;386;339;179;150;0.017;data;sat;../keps14/problems/barman/pfile08-032.pddl.sas;386;343;179;154;0.431;data;wmax;../keps14/problems/barman/pfile08-032.pddl.sas;386;339;179;150;0.39
data;ae;../keps14/problems/barman/pfile09-033.pddl.sas;492;405;240;189;0.028;data;gae;../keps14/problems/barman/pfile09-033.pddl.sas;492;401;240;185;0.067;data;ptt;../problems/barman/pfile09-033.pddl;492;464;240;212;.08;data;max;../keps14/problems/barman/pfile09-033.pddl.sas;492;399;240;183;0.041;data;sat;../keps14/problems/barman/pfile09-033.pddl.sas;492;401;240;185;0.498;data;wmax;../keps14/problems/barman/pfile09-033.pddl.sas;492;399;240;183;0.69
data;ae;../keps14/problems/barman/pfile09-034.pddl.sas;465;388;231;181;0.029;data;gae;../keps14/problems/barman/pfile09-034.pddl.sas;465;384;231;177;0.065;data;ptt;../problems/barman/pfile09-034.pddl;465;433;231;199;.08;data;max;../keps14/problems/barman/pfile09-034.pddl.sas;465;382;231;175;0.033;data;sat;../keps14/problems/barman/pfile09-034.pddl.sas;465;384;231;177;0.600;data;wmax;../keps14/problems/barman/pfile09-034.pddl.sas;465;382;231;175;0.75
data;ae;../keps14/problems/barman/pfile09-035.pddl.sas;406;388;190;172;0.027;data;gae;../keps14/problems/barman/pfile09-035.pddl.sas;406;388;190;172;0.043;data;ptt;../problems/barman/pfile09-035.pddl;406;388;190;172;.05;data;max;../keps14/problems/barman/pfile09-035.pddl.sas;406;388;190;172;0.019;data;sat;../keps14/problems/barman/pfile09-035.pddl.sas;406;388;190;172;0.335;data;wmax;../keps14/problems/barman/pfile09-035.pddl.sas;406;388;190;172;0.31
data;ae;../keps14/problems/barman/pfile09-036.pddl.sas;444;420;219;204;0.028;data;gae;../keps14/problems/barman/pfile09-036.pddl.sas;444;420;219;204;0.043;data;ptt;../problems/barman/pfile09-036.pddl;444;432;219;207;.11;data;max;../keps14/problems/barman/pfile09-036.pddl.sas;444;420;219;204;0.027;data;sat;../keps14/problems/barman/pfile09-036.pddl.sas;444;420;219;204;0.383;data;wmax;../keps14/problems/barman/pfile09-036.pddl.sas;444;420;219;204;0.40
data;ae;../keps14/problems/barman/pfile10-037.pddl.sas;410;390;194;174;0.027;data;gae;../keps14/problems/barman/pfile10-037.pddl.sas;410;390;194;174;0.047;data;ptt;../problems/barman/pfile10-037.pddl;410;390;194;174;.04;data;max;../keps14/problems/barman/pfile10-037.pddl.sas;410;390;194;174;0.017;data;sat;../keps14/problems/barman/pfile10-037.pddl.sas;410;390;194;174;0.361;data;wmax;../keps14/problems/barman/pfile10-037.pddl.sas;410;390;194;174;0.37
data;ae;../keps14/problems/barman/pfile10-038.pddl.sas;544;461;283;218;0.031;data;gae;../keps14/problems/barman/pfile10-038.pddl.sas;544;457;283;214;0.102;data;ptt;../problems/barman/pfile10-038.pddl;544;494;283;233;.11;data;max;../keps14/problems/barman/pfile10-038.pddl.sas;544;385;283;178;0.078;data;sat;../keps14/problems/barman/pfile10-038.pddl.sas;544;395;283;188;0.692;data;wmax;../keps14/problems/barman/pfile10-038.pddl.sas;544;385;283;178;2.81
data;ae;../keps14/problems/barman/pfile10-039.pddl.sas;422;400;197;175;0.026;data;gae;../keps14/problems/barman/pfile10-039.pddl.sas;422;400;197;175;0.049;data;ptt;../problems/barman/pfile10-039.pddl;422;400;197;175;.05;data;max;../keps14/problems/barman/pfile10-039.pddl.sas;422;400;197;175;0.019;data;sat;../keps14/problems/barman/pfile10-039.pddl.sas;422;400;197;175;0.379;data;wmax;../keps14/problems/barman/pfile10-039.pddl.sas;422;400;197;175;0.53
data;ae;../keps14/problems/barman/pfile10-040.pddl.sas;396;357;180;159;0.026;data;gae;../keps14/problems/barman/pfile10-040.pddl.sas;396;357;180;159;0.038;data;ptt;../problems/barman/pfile10-040.pddl;396;373;180;166;.05;data;max;../keps14/problems/barman/pfile10-040.pddl.sas;396;357;180;159;0.011;data;sat;../keps14/problems/barman/pfile10-040.pddl.sas;396;357;180;159;0.330;data;wmax;../keps14/problems/barman/pfile10-040.pddl.sas;396;357;180;159;0.31
data;ae;../keps14/problems/elevators/p01.pddl.sas;384;384;79;79;0.010;data;gae;../keps14/problems/elevators/p01.pddl.sas;384;384;79;79;0.010;data;ptt;../problems/elevators/p01.pddl;384;384;79;79;0;data;max;../keps14/problems/elevators/p01.pddl.sas;384;384;79;79;0.001;data;sat;../keps14/problems/elevators/p01.pddl.sas;384;384;79;79;0.065;data;wmax;../keps14/problems/elevators/p01.pddl.sas;384;384;79;79;0.02
data;ae;../keps14/problems/elevators/p02.pddl.sas;762;749;128;127;0.019;data;gae;../keps14/problems/elevators/p02.pddl.sas;762;749;128;127;0.028;data;ptt;../problems/elevators/p02.pddl;762;749;128;127;.03;data;max;../keps14/problems/elevators/p02.pddl.sas;762;749;128;127;0.003;data;sat;../keps14/problems/elevators/p02.pddl.sas;762;749;128;127;0.088;data;wmax;../keps14/problems/elevators/p02.pddl.sas;762;749;128;127;0.02
data;ae;../keps14/problems/elevators/p03.pddl.sas;975;914;155;154;0.024;data;gae;../keps14/problems/elevators/p03.pddl.sas;975;914;155;154;0.029;data;ptt;../problems/elevators/p03.pddl;975;914;155;154;.03;data;max;../keps14/problems/elevators/p03.pddl.sas;975;914;155;154;0.005;data;sat;../keps14/problems/elevators/p03.pddl.sas;975;914;155;154;0.122;data;wmax;../keps14/problems/elevators/p03.pddl.sas;975;914;155;154;0.04
data;ae;../keps14/problems/elevators/p04.pddl.sas;749;633;116;110;0.017;data;gae;../keps14/problems/elevators/p04.pddl.sas;749;633;116;110;0.025;data;ptt;../problems/elevators/p04.pddl;749;633;116;110;.01;data;max;../keps14/problems/elevators/p04.pddl.sas;749;633;116;110;0.003;data;sat;../keps14/problems/elevators/p04.pddl.sas;749;633;116;110;0.104;data;wmax;../keps14/problems/elevators/p04.pddl.sas;749;633;116;110;0.03
data;ae;../keps14/problems/elevators/p05.pddl.sas;500;475;113;112;0.019;data;gae;../keps14/problems/elevators/p05.pddl.sas;500;475;113;112;0.021;data;ptt;../problems/elevators/p05.pddl;500;475;113;112;.02;data;max;../keps14/problems/elevators/p05.pddl.sas;500;475;113;112;0.002;data;sat;../keps14/problems/elevators/p05.pddl.sas;500;475;113;112;0.103;data;wmax;../keps14/problems/elevators/p05.pddl.sas;500;475;113;112;0.04
data;ae;../keps14/problems/elevators/p06.pddl.sas;1024;1004;202;200;0.029;data;gae;../keps14/problems/elevators/p06.pddl.sas;1024;1004;202;200;0.031;data;ptt;../problems/elevators/p06.pddl;1024;1004;202;200;.05;data;max;../keps14/problems/elevators/p06.pddl.sas;1024;1004;202;200;0.009;data;sat;../keps14/problems/elevators/p06.pddl.sas;1024;1004;202;200;0.168;data;wmax;../keps14/problems/elevators/p06.pddl.sas;1024;1004;202;200;0.08
data;ae;../keps14/problems/elevators/p07.pddl.sas;1030;994;160;156;0.025;data;gae;../keps14/problems/elevators/p07.pddl.sas;1030;994;160;156;0.032;data;ptt;../problems/elevators/p07.pddl;1030;994;160;156;.03;data;max;../keps14/problems/elevators/p07.pddl.sas;1030;994;160;156;0.004;data;sat;../keps14/problems/elevators/p07.pddl.sas;1030;994;160;156;0.133;data;wmax;../keps14/problems/elevators/p07.pddl.sas;1030;994;160;156;0.04
data;ae;../keps14/problems/elevators/p08.pddl.sas;1182;1107;199;192;0.029;data;gae;../keps14/problems/elevators/p08.pddl.sas;1182;1107;199;192;0.039;data;ptt;../problems/elevators/p08.pddl;1182;1107;199;192;.04;data;max;../keps14/problems/elevators/p08.pddl.sas;1182;1107;199;192;0.01;data;sat;../keps14/problems/elevators/p08.pddl.sas;1182;1107;199;192;0.201;data;wmax;../keps14/problems/elevators/p08.pddl.sas;1182;1107;199;192;0.08
data;ae;../keps14/problems/elevators/p09.pddl.sas;1339;1339;209;209;0.048;data;gae;../keps14/problems/elevators/p09.pddl.sas;1339;1339;209;209;0.048;data;ptt;../problems/elevators/p09.pddl;1339;1339;209;209;.03;data;max;../keps14/problems/elevators/p09.pddl.sas;1339;1339;209;209;0.008;data;sat;../keps14/problems/elevators/p09.pddl.sas;1339;1339;209;209;0.150;data;wmax;../keps14/problems/elevators/p09.pddl.sas;1339;1339;209;209;0.06
data;ae;../keps14/problems/elevators/p10.pddl.sas;1085;1059;221;217;0.076;data;gae;../keps14/problems/elevators/p10.pddl.sas;1085;1059;221;217;0.084;data;ptt;../problems/elevators/p10.pddl;1085;1059;221;217;.05;data;max;../keps14/problems/elevators/p10.pddl.sas;1085;1059;221;217;0.008;data;sat;../keps14/problems/elevators/p10.pddl.sas;1085;1059;221;217;0.221;data;wmax;../keps14/problems/elevators/p10.pddl.sas;1085;1059;221;217;0.12
data;ae;../keps14/problems/elevators/p11.pddl.sas;1663;1377;247;235;0.031;data;gae;../keps14/problems/elevators/p11.pddl.sas;1663;1377;247;235;0.076;data;ptt;../problems/elevators/p11.pddl;1663;1377;247;235;.07;data;max;../keps14/problems/elevators/p11.pddl.sas;1663;1377;247;235;0.009;data;sat;../keps14/problems/elevators/p11.pddl.sas;1663;1377;247;235;0.213;data;wmax;../keps14/problems/elevators/p11.pddl.sas;1663;1377;247;235;0.07
data;ae;../keps14/problems/elevators/p12.pddl.sas;1165;1151;251;249;0.049;data;gae;../keps14/problems/elevators/p12.pddl.sas;1165;1151;251;249;0.053;data;ptt;../problems/elevators/p12.pddl;1165;1151;251;249;.07;data;max;../keps14/problems/elevators/p12.pddl.sas;1165;1151;251;249;0.009;data;sat;../keps14/problems/elevators/p12.pddl.sas;1165;1151;251;249;0.138;data;wmax;../keps14/problems/elevators/p12.pddl.sas;1165;1151;251;249;0.07
data;ae;../keps14/problems/elevators/p13.pddl.sas;1649;1599;279;273;0.045;data;gae;../keps14/problems/elevators/p13.pddl.sas;1649;1599;279;273;0.059;data;ptt;../problems/elevators/p13.pddl;1649;1599;279;273;.07;data;max;../keps14/problems/elevators/p13.pddl.sas;1649;1599;279;273;0.008;data;sat;../keps14/problems/elevators/p13.pddl.sas;1649;1599;279;273;0.219;data;wmax;../keps14/problems/elevators/p13.pddl.sas;1649;1599;279;273;0.12
data;ae;../keps14/problems/elevators/p14.pddl.sas;1643;1606;288;285;0.037;data;gae;../keps14/problems/elevators/p14.pddl.sas;1643;1606;288;285;0.043;data;ptt;../problems/elevators/p14.pddl;1643;1606;288;285;.10;data;max;../keps14/problems/elevators/p14.pddl.sas;1643;1606;288;285;0.012;data;sat;../keps14/problems/elevators/p14.pddl.sas;1643;1606;288;285;0.175;data;wmax;../keps14/problems/elevators/p14.pddl.sas;1643;1606;288;285;0.10
data;ae;../keps14/problems/elevators/p15.pddl.sas;1436;1436;285;285;0.048;data;gae;../keps14/problems/elevators/p15.pddl.sas;1436;1436;285;285;0.032;data;ptt;../problems/elevators/p15.pddl;1436;1436;285;285;.04;data;max;../keps14/problems/elevators/p15.pddl.sas;1436;1436;285;285;0.011;data;sat;../keps14/problems/elevators/p15.pddl.sas;1436;1436;285;285;0.153;data;wmax;../keps14/problems/elevators/p15.pddl.sas;1436;1436;285;285;0.11
data;ae;../keps14/problems/elevators/p16.pddl.sas;2183;2118;275;268;0.032;data;gae;../keps14/problems/elevators/p16.pddl.sas;2183;2118;275;268;0.050;data;ptt;../problems/elevators/p16.pddl;2183;2145;275;271;.15;data;max;../keps14/problems/elevators/p16.pddl.sas;2183;2118;275;268;0.012;data;sat;../keps14/problems/elevators/p16.pddl.sas;2183;2118;275;268;0.186;data;wmax;../keps14/problems/elevators/p16.pddl.sas;2183;2118;275;268;0.09
data;ae;../keps14/problems/elevators/p17.pddl.sas;1886;1824;315;303;0.035;data;gae;../keps14/problems/elevators/p17.pddl.sas;1886;1824;315;303;0.061;data;ptt;../problems/elevators/p17.pddl;1886;1824;315;303;.17;data;max;../keps14/problems/elevators/p17.pddl.sas;1886;1824;315;303;0.012;data;sat;../keps14/problems/elevators/p17.pddl.sas;1886;1824;315;303;0.260;data;wmax;../keps14/problems/elevators/p17.pddl.sas;1886;1824;315;305;0.16
data;ae;../keps14/problems/elevators/p18.pddl.sas;2435;2391;338;332;0.036;data;gae;../keps14/problems/elevators/p18.pddl.sas;2435;2391;338;332;0.076;data;ptt;../problems/elevators/p18.pddl;2435;2391;338;332;.19;data;max;../keps14/problems/elevators/p18.pddl.sas;2435;2391;338;332;0.015;data;sat;../keps14/problems/elevators/p18.pddl.sas;2435;2391;338;332;0.256;data;wmax;../keps14/problems/elevators/p18.pddl.sas;2435;2391;338;332;0.17
data;ae;../keps14/problems/elevators/p19.pddl.sas;2669;2504;377;364;0.052;data;gae;../keps14/problems/elevators/p19.pddl.sas;2669;2504;377;364;0.077;data;ptt;../problems/elevators/p19.pddl;2669;2504;377;364;.21;data;max;../keps14/problems/elevators/p19.pddl.sas;2669;2504;377;364;0.025;data;sat;../keps14/problems/elevators/p19.pddl.sas;2669;2504;377;364;0.350;data;wmax;../keps14/problems/elevators/p19.pddl.sas;2669;2504;377;364;0.30
data;ae;../keps14/problems/elevators/p20.pddl.sas;2368;2245;388;381;0.035;data;gae;../keps14/problems/elevators/p20.pddl.sas;2368;2245;388;381;0.052;data;ptt;../problems/elevators/p20.pddl;2368;2368;388;384;.22;data;max;../keps14/problems/elevators/p20.pddl.sas;2368;2245;388;381;0.021;data;sat;../keps14/problems/elevators/p20.pddl.sas;2368;2245;388;381;0.263;data;wmax;../keps14/problems/elevators/p20.pddl.sas;2368;2245;388;381;0.28
data;ae;../keps14/problems/floortile/seq-p01-001.pddl.sas;82;75;38;35;0.004;data;gae;../keps14/problems/floortile/seq-p01-001.pddl.sas;82;75;38;35;0.009;data;ptt;../problems/floortile/seq-p01-001.pddl;82;75;38;35;0;data;max;../keps14/problems/floortile/seq-p01-001.pddl.sas;82;75;38;35;0;data;sat;../keps14/problems/floortile/seq-p01-001.pddl.sas;82;75;38;35;0.048;data;wmax;../keps14/problems/floortile/seq-p01-001.pddl.sas;82;75;38;35;0.00
data;ae;../keps14/problems/floortile/seq-p01-002.pddl.sas;90;90;36;36;0.004;data;gae;../keps14/problems/floortile/seq-p01-002.pddl.sas;90;90;36;36;0.003;data;ptt;../problems/floortile/seq-p01-002.pddl;90;90;36;36;0;data;max;../keps14/problems/floortile/seq-p01-002.pddl.sas;90;90;36;36;0;data;sat;../keps14/problems/floortile/seq-p01-002.pddl.sas;90;90;36;36;0.044;data;wmax;../keps14/problems/floortile/seq-p01-002.pddl.sas;90;90;36;36;0.00
data;ae;../keps14/problems/floortile/seq-p02-003.pddl.sas;112;103;49;44;0.006;data;gae;../keps14/problems/floortile/seq-p02-003.pddl.sas;112;103;49;44;0.016;data;ptt;../problems/floortile/seq-p02-003.pddl;112;103;49;44;0;data;max;../keps14/problems/floortile/seq-p02-003.pddl.sas;112;103;49;44;0.001;data;sat;../keps14/problems/floortile/seq-p02-003.pddl.sas;112;103;49;44;0.058;data;wmax;../keps14/problems/floortile/seq-p02-003.pddl.sas;112;103;49;44;0.00
data;ae;../keps14/problems/floortile/seq-p02-004.pddl.sas;142;123;55;50;0.008;data;gae;../keps14/problems/floortile/seq-p02-004.pddl.sas;142;123;55;50;0.022;data;ptt;../problems/floortile/seq-p02-004.pddl;142;123;55;50;0;data;max;../keps14/problems/floortile/seq-p02-004.pddl.sas;142;123;55;50;0.001;data;sat;../keps14/problems/floortile/seq-p02-004.pddl.sas;142;123;55;50;0.064;data;wmax;../keps14/problems/floortile/seq-p02-004.pddl.sas;142;123;55;50;0.01
data;ae;../keps14/problems/floortile/seq-p03-005.pddl.sas;146;115;56;47;0.008;data;gae;../keps14/problems/floortile/seq-p03-005.pddl.sas;146;115;56;47;0.024;data;ptt;../problems/floortile/seq-p03-005.pddl;146;115;56;47;0;data;max;../keps14/problems/floortile/seq-p03-005.pddl.sas;146;115;56;47;0.001;data;sat;../keps14/problems/floortile/seq-p03-005.pddl.sas;146;115;56;47;0.073;data;wmax;../keps14/problems/floortile/seq-p03-005.pddl.sas;146;115;56;47;0.01
data;ae;../keps14/problems/nomystery/p01.pddl.sas;20;20;20;20;0.001;data;gae;../keps14/problems/nomystery/p01.pddl.sas;20;20;20;20;0.001;data;ptt;../problems/nomystery/p01.pddl;20;20;20;20;.02;data;max;../keps14/problems/nomystery/p01.pddl.sas;20;20;20;20;0;data;sat;../keps14/problems/nomystery/p01.pddl.sas;20;20;20;20;0.037;data;wmax;../keps14/problems/nomystery/p01.pddl.sas;20;20;20;20;0.00
data;ae;../keps14/problems/nomystery/p02.pddl.sas;21;21;21;21;0.001;data;gae;../keps14/problems/nomystery/p02.pddl.sas;21;21;21;21;0.001;data;ptt;../problems/nomystery/p02.pddl;21;21;21;21;.03;data;max;../keps14/problems/nomystery/p02.pddl.sas;21;21;21;21;0;data;sat;../keps14/problems/nomystery/p02.pddl.sas;21;21;21;21;0.035;data;wmax;../keps14/problems/nomystery/p02.pddl.sas;21;21;21;21;0.00
data;ae;../keps14/problems/nomystery/p03.pddl.sas;29;29;29;29;0.002;data;gae;../keps14/problems/nomystery/p03.pddl.sas;29;29;29;29;0.002;data;ptt;../problems/nomystery/p03.pddl;29;29;29;29;.16;data;max;../keps14/problems/nomystery/p03.pddl.sas;29;29;29;29;0;data;sat;../keps14/problems/nomystery/p03.pddl.sas;29;29;29;29;0.039;data;wmax;../keps14/problems/nomystery/p03.pddl.sas;29;29;29;29;0.00
data;ae;../keps14/problems/nomystery/p04.pddl.sas;30;30;30;30;0.002;data;gae;../keps14/problems/nomystery/p04.pddl.sas;30;30;30;30;0.002;data;ptt;../problems/nomystery/p04.pddl;30;30;30;30;.39;data;max;../keps14/problems/nomystery/p04.pddl.sas;30;30;30;30;0.001;data;sat;../keps14/problems/nomystery/p04.pddl.sas;30;30;30;30;0.035;data;wmax;../keps14/problems/nomystery/p04.pddl.sas;30;30;30;30;0.00
data;ae;../keps14/problems/nomystery/p05.pddl.sas;40;40;40;40;0.003;data;gae;../keps14/problems/nomystery/p05.pddl.sas;40;40;40;40;0.004;data;ptt;../problems/nomystery/p05.pddl;40;40;40;40;.38;data;max;../keps14/problems/nomystery/p05.pddl.sas;40;40;40;40;0.003;data;sat;../keps14/problems/nomystery/p05.pddl.sas;40;40;40;40;0.042;data;wmax;../keps14/problems/nomystery/p05.pddl.sas;40;40;40;40;0.00
data;ae;../keps14/problems/nomystery/p06.pddl.sas;42;42;42;42;0.003;data;gae;../keps14/problems/nomystery/p06.pddl.sas;42;42;42;42;0.005;data;ptt;../problems/nomystery/p06.pddl;42;42;42;42;.38;data;max;../keps14/problems/nomystery/p06.pddl.sas;42;42;42;42;0.001;data;sat;../keps14/problems/nomystery/p06.pddl.sas;42;42;42;42;0.040;data;wmax;../keps14/problems/nomystery/p06.pddl.sas;42;42;42;42;0.00
data;ae;../keps14/problems/nomystery/p07.pddl.sas;43;43;43;43;0.003;data;gae;../keps14/problems/nomystery/p07.pddl.sas;43;43;43;43;0.003;data;ptt;../problems/nomystery/p07.pddl;43;43;43;43;.58;data;max;../keps14/problems/nomystery/p07.pddl.sas;43;43;43;43;0.001;data;sat;../keps14/problems/nomystery/p07.pddl.sas;43;43;43;43;0.041;data;wmax;../keps14/problems/nomystery/p07.pddl.sas;43;43;43;43;0.01
data;ae;../keps14/problems/nomystery/p09.pddl.sas;51;51;51;51;0.003;data;gae;../keps14/problems/nomystery/p09.pddl.sas;51;51;51;51;0.005;data;ptt;../problems/nomystery/p09.pddl;51;51;51;51;1.33;data;max;../keps14/problems/nomystery/p09.pddl.sas;51;51;51;51;0.001;data;sat;../keps14/problems/nomystery/p09.pddl.sas;51;51;51;51;0.043;data;wmax;../keps14/problems/nomystery/p09.pddl.sas;51;51;51;51;0.01
data;ae;../keps14/problems/nomystery/p10.pddl.sas;56;56;56;56;0.005;data;gae;../keps14/problems/nomystery/p10.pddl.sas;56;56;56;56;0.006;data;ptt;../problems/nomystery/p10.pddl;56;56;56;56;.63;data;max;../keps14/problems/nomystery/p10.pddl.sas;56;56;56;56;0.001;data;sat;../keps14/problems/nomystery/p10.pddl.sas;56;56;56;56;0.065;data;wmax;../keps14/problems/nomystery/p10.pddl.sas;56;56;56;56;0.01
data;ae;../keps14/problems/nomystery/p11.pddl.sas;19;19;19;19;0.001;data;gae;../keps14/problems/nomystery/p11.pddl.sas;19;19;19;19;0.001;data;ptt;../problems/nomystery/p11.pddl;19;19;19;19;.01;data;max;../keps14/problems/nomystery/p11.pddl.sas;19;19;19;19;0;data;sat;../keps14/problems/nomystery/p11.pddl.sas;19;19;19;19;0.034;data;wmax;../keps14/problems/nomystery/p11.pddl.sas;19;19;19;19;0.00
data;ae;../keps14/problems/nomystery/p12.pddl.sas;21;21;21;21;0.001;data;gae;../keps14/problems/nomystery/p12.pddl.sas;21;21;21;21;0.001;data;ptt;../problems/nomystery/p12.pddl;21;21;21;21;.01;data;max;../keps14/problems/nomystery/p12.pddl.sas;21;21;21;21;0;data;sat;../keps14/problems/nomystery/p12.pddl.sas;21;21;21;21;0.034;data;wmax;../keps14/problems/nomystery/p12.pddl.sas;21;21;21;21;0.00
data;ae;../keps14/problems/nomystery/p14.pddl.sas;29;29;29;29;0.002;data;gae;../keps14/problems/nomystery/p14.pddl.sas;29;29;29;29;0.002;data;ptt;../problems/nomystery/p14.pddl;29;29;29;29;.15;data;max;../keps14/problems/nomystery/p14.pddl.sas;29;29;29;29;0;data;sat;../keps14/problems/nomystery/p14.pddl.sas;29;29;29;29;0.035;data;wmax;../keps14/problems/nomystery/p14.pddl.sas;29;29;29;29;0.00
data;ae;../keps14/problems/nomystery/p20.pddl.sas;50;50;50;50;0.004;data;gae;../keps14/problems/nomystery/p20.pddl.sas;50;50;50;50;0.006;data;ptt;../problems/nomystery/p20.pddl;50;50;50;50;.24;data;max;../keps14/problems/nomystery/p20.pddl.sas;50;50;50;50;0.002;data;sat;../keps14/problems/nomystery/p20.pddl.sas;50;50;50;50;0.045;data;wmax;../keps14/problems/nomystery/p20.pddl.sas;50;50;50;50;0.01
data;ae;../keps14/problems/parking/pfile08-031.pddl.sas;63;63;63;63;0.005;data;gae;../keps14/problems/parking/pfile08-031.pddl.sas;63;63;63;63;0.003;data;ptt;../problems/parking/pfile08-031.pddl;63;63;63;63;0;data;max;../keps14/problems/parking/pfile08-031.pddl.sas;63;63;63;63;0;data;sat;../keps14/problems/parking/pfile08-031.pddl.sas;63;63;63;63;0.061;data;wmax;../keps14/problems/parking/pfile08-031.pddl.sas;63;63;63;63;0.01
data;ae;../keps14/problems/parking/pfile08-032.pddl.sas;56;56;56;56;0.003;data;gae;../keps14/problems/parking/pfile08-032.pddl.sas;56;56;56;56;0.002;data;ptt;../problems/parking/pfile08-032.pddl;56;56;56;56;0;data;max;../keps14/problems/parking/pfile08-032.pddl.sas;56;56;56;56;0.001;data;sat;../keps14/problems/parking/pfile08-032.pddl.sas;56;56;56;56;0.055;data;wmax;../keps14/problems/parking/pfile08-032.pddl.sas;56;56;56;56;0.01
data;ae;../keps14/problems/parking/pfile09-033.pddl.sas;84;84;84;84;0.005;data;gae;../keps14/problems/parking/pfile09-033.pddl.sas;84;84;84;84;0.005;data;ptt;../problems/parking/pfile09-033.pddl;84;84;84;84;0;data;max;../keps14/problems/parking/pfile09-033.pddl.sas;84;84;84;84;0.002;data;sat;../keps14/problems/parking/pfile09-033.pddl.sas;84;84;84;84;0.105;data;wmax;../keps14/problems/parking/pfile09-033.pddl.sas;84;84;84;84;0.01
data;ae;../keps14/problems/parking/pfile09-034.pddl.sas;70;70;70;70;0.004;data;gae;../keps14/problems/parking/pfile09-034.pddl.sas;70;70;70;70;0.004;data;ptt;../problems/parking/pfile09-034.pddl;70;70;70;70;0;data;max;../keps14/problems/parking/pfile09-034.pddl.sas;70;70;70;70;0.001;data;sat;../keps14/problems/parking/pfile09-034.pddl.sas;70;70;70;70;0.078;data;wmax;../keps14/problems/parking/pfile09-034.pddl.sas;70;70;70;70;0.01
data;ae;../keps14/problems/parking/pfile09-035.pddl.sas;45;45;45;45;0.002;data;gae;../keps14/problems/parking/pfile09-035.pddl.sas;45;45;45;45;0.002;data;ptt;../problems/parking/pfile09-035.pddl;45;45;45;45;0;data;max;../keps14/problems/parking/pfile09-035.pddl.sas;45;45;45;45;0;data;sat;../keps14/problems/parking/pfile09-035.pddl.sas;45;45;45;45;0.070;data;wmax;../keps14/problems/parking/pfile09-035.pddl.sas;45;45;45;45;0.00
data;ae;../keps14/problems/parking/pfile09-036.pddl.sas;64;64;64;64;0.003;data;gae;../keps14/problems/parking/pfile09-036.pddl.sas;64;64;64;64;0.003;data;ptt;../problems/parking/pfile09-036.pddl;64;64;64;64;0;data;max;../keps14/problems/parking/pfile09-036.pddl.sas;64;64;64;64;0.001;data;sat;../keps14/problems/parking/pfile09-036.pddl.sas;64;64;64;64;0.077;data;wmax;../keps14/problems/parking/pfile09-036.pddl.sas;64;64;64;64;0.01
data;ae;../keps14/problems/parking/pfile10-037.pddl.sas;72;72;72;72;0.006;data;gae;../keps14/problems/parking/pfile10-037.pddl.sas;72;72;72;72;0.004;data;ptt;../problems/parking/pfile10-037.pddl;72;72;72;72;0;data;max;../keps14/problems/parking/pfile10-037.pddl.sas;72;72;72;72;0.001;data;sat;../keps14/problems/parking/pfile10-037.pddl.sas;72;72;72;72;0.059;data;wmax;../keps14/problems/parking/pfile10-037.pddl.sas;72;72;72;72;0.01
data;ae;../keps14/problems/parking/pfile10-038.pddl.sas;78;78;78;78;0.004;data;gae;../keps14/problems/parking/pfile10-038.pddl.sas;78;78;78;78;0.006;data;ptt;../problems/parking/pfile10-038.pddl;78;78;78;78;0;data;max;../keps14/problems/parking/pfile10-038.pddl.sas;78;78;78;78;0.001;data;sat;../keps14/problems/parking/pfile10-038.pddl.sas;78;78;78;78;0.062;data;wmax;../keps14/problems/parking/pfile10-038.pddl.sas;78;78;78;78;0.01
data;ae;../keps14/problems/parking/pfile10-039.pddl.sas;61;61;61;61;0.003;data;gae;../keps14/problems/parking/pfile10-039.pddl.sas;61;61;61;61;0.003;data;ptt;../problems/parking/pfile10-039.pddl;61;61;61;61;0;data;max;../keps14/problems/parking/pfile10-039.pddl.sas;61;61;61;61;0;data;sat;../keps14/problems/parking/pfile10-039.pddl.sas;61;61;61;61;0.061;data;wmax;../keps14/problems/parking/pfile10-039.pddl.sas;61;61;61;61;0.01
data;ae;../keps14/problems/parking/pfile10-040.pddl.sas;64;64;64;64;0.005;data;gae;../keps14/problems/parking/pfile10-040.pddl.sas;64;64;64;64;0.003;data;ptt;../problems/parking/pfile10-040.pddl;64;64;64;64;0;data;max;../keps14/problems/parking/pfile10-040.pddl.sas;64;64;64;64;0.001;data;sat;../keps14/problems/parking/pfile10-040.pddl.sas;64;64;64;64;0.057;data;wmax;../keps14/problems/parking/pfile10-040.pddl.sas;64;64;64;64;0.01
data;ae;../keps14/problems/parking/pfile11-041.pddl.sas;71;71;71;71;0.004;data;gae;../keps14/problems/parking/pfile11-041.pddl.sas;71;71;71;71;0.005;data;ptt;../problems/parking/pfile11-041.pddl;71;71;71;71;0;data;max;../keps14/problems/parking/pfile11-041.pddl.sas;71;71;71;71;0.003;data;sat;../keps14/problems/parking/pfile11-041.pddl.sas;71;71;71;71;0.060;data;wmax;../keps14/problems/parking/pfile11-041.pddl.sas;71;71;71;71;0.01
data;ae;../keps14/problems/parking/pfile11-042.pddl.sas;89;89;89;89;0.005;data;gae;../keps14/problems/parking/pfile11-042.pddl.sas;89;89;89;89;0.005;data;ptt;../problems/parking/pfile11-042.pddl;89;89;89;89;0;data;max;../keps14/problems/parking/pfile11-042.pddl.sas;89;89;89;89;0.001;data;sat;../keps14/problems/parking/pfile11-042.pddl.sas;89;89;89;89;0.073;data;wmax;../keps14/problems/parking/pfile11-042.pddl.sas;89;89;89;89;0.02
data;ae;../keps14/problems/parking/pfile11-043.pddl.sas;82;82;82;82;0.004;data;gae;../keps14/problems/parking/pfile11-043.pddl.sas;82;82;82;82;0.004;data;ptt;../problems/parking/pfile11-043.pddl;82;82;82;82;0;data;max;../keps14/problems/parking/pfile11-043.pddl.sas;82;82;82;82;0.002;data;sat;../keps14/problems/parking/pfile11-043.pddl.sas;82;82;82;82;0.061;data;wmax;../keps14/problems/parking/pfile11-043.pddl.sas;82;82;82;82;0.01
data;ae;../keps14/problems/parking/pfile11-044.pddl.sas;90;90;90;90;0.007;data;gae;../keps14/problems/parking/pfile11-044.pddl.sas;90;90;90;90;0.005;data;ptt;../problems/parking/pfile11-044.pddl;90;90;90;90;0;data;max;../keps14/problems/parking/pfile11-044.pddl.sas;90;90;90;90;0.001;data;sat;../keps14/problems/parking/pfile11-044.pddl.sas;90;90;90;90;0.065;data;wmax;../keps14/problems/parking/pfile11-044.pddl.sas;90;90;90;90;0.01
data;ae;../keps14/problems/parking/pfile12-045.pddl.sas;85;83;85;83;0.005;data;gae;../keps14/problems/parking/pfile12-045.pddl.sas;85;83;85;83;0.010;data;ptt;../problems/parking/pfile12-045.pddl;85;83;85;83;.01;data;max;../keps14/problems/parking/pfile12-045.pddl.sas;85;83;85;83;0.002;data;sat;../keps14/problems/parking/pfile12-045.pddl.sas;85;83;85;83;0.071;data;wmax;../keps14/problems/parking/pfile12-045.pddl.sas;85;83;85;83;0.01
data;ae;../keps14/problems/parking/pfile12-046.pddl.sas;86;86;86;86;0.005;data;gae;../keps14/problems/parking/pfile12-046.pddl.sas;86;86;86;86;0.005;data;ptt;../problems/parking/pfile12-046.pddl;86;86;86;86;0;data;max;../keps14/problems/parking/pfile12-046.pddl.sas;86;86;86;86;0.002;data;sat;../keps14/problems/parking/pfile12-046.pddl.sas;86;86;86;86;0.066;data;wmax;../keps14/problems/parking/pfile12-046.pddl.sas;86;86;86;86;0.02
data;ae;../keps14/problems/parking/pfile12-047.pddl.sas;84;82;84;82;0.007;data;gae;../keps14/problems/parking/pfile12-047.pddl.sas;84;82;84;82;0.012;data;ptt;../problems/parking/pfile12-047.pddl;84;82;84;82;.01;data;max;../keps14/problems/parking/pfile12-047.pddl.sas;84;82;84;82;0.002;data;sat;../keps14/problems/parking/pfile12-047.pddl.sas;84;82;84;82;0.070;data;wmax;../keps14/problems/parking/pfile12-047.pddl.sas;84;82;84;82;0.01
data;ae;../keps14/problems/parking/pfile12-048.pddl.sas;83;83;83;83;0.007;data;gae;../keps14/problems/parking/pfile12-048.pddl.sas;83;83;83;83;0.004;data;ptt;../problems/parking/pfile12-048.pddl;83;83;83;83;.01;data;max;../keps14/problems/parking/pfile12-048.pddl.sas;83;83;83;83;0.002;data;sat;../keps14/problems/parking/pfile12-048.pddl.sas;83;83;83;83;0.064;data;wmax;../keps14/problems/parking/pfile12-048.pddl.sas;83;83;83;83;0.01
data;ae;../keps14/problems/parking/pfile13-049.pddl.sas;78;78;78;78;0.006;data;gae;../keps14/problems/parking/pfile13-049.pddl.sas;78;78;78;78;0.004;data;ptt;../problems/parking/pfile13-049.pddl;78;78;78;78;0;data;max;../keps14/problems/parking/pfile13-049.pddl.sas;78;78;78;78;0.003;data;sat;../keps14/problems/parking/pfile13-049.pddl.sas;78;78;78;78;0.069;data;wmax;../keps14/problems/parking/pfile13-049.pddl.sas;78;78;78;78;0.01
data;ae;../keps14/problems/parking/pfile13-050.pddl.sas;89;89;89;89;0.007;data;gae;../keps14/problems/parking/pfile13-050.pddl.sas;89;89;89;89;0.007;data;ptt;../problems/parking/pfile13-050.pddl;89;89;89;89;0;data;max;../keps14/problems/parking/pfile13-050.pddl.sas;89;89;89;89;0.001;data;sat;../keps14/problems/parking/pfile13-050.pddl.sas;89;89;89;89;0.064;data;wmax;../keps14/problems/parking/pfile13-050.pddl.sas;89;89;89;89;0.01
data;ae;../keps14/problems/pegsol/p01.pddl.sas;12;12;26;26;0.002;data;gae;../keps14/problems/pegsol/p01.pddl.sas;12;12;26;26;0.002;data;ptt;../problems/pegsol/p01.pddl;12;12;26;26;0;data;max;../keps14/problems/pegsol/p01.pddl.sas;12;12;26;26;0;data;sat;../keps14/problems/pegsol/p01.pddl.sas;12;12;26;26;0.058;data;wmax;../keps14/problems/pegsol/p01.pddl.sas;12;12;26;26;0.00
data;ae;../keps14/problems/pegsol/p02.pddl.sas;15;15;29;29;0.004;data;gae;../keps14/problems/pegsol/p02.pddl.sas;15;15;29;29;0.002;data;ptt;../problems/pegsol/p02.pddl;15;15;29;29;0;data;max;../keps14/problems/pegsol/p02.pddl.sas;15;15;29;29;0;data;sat;../keps14/problems/pegsol/p02.pddl.sas;15;15;29;29;0.053;data;wmax;../keps14/problems/pegsol/p02.pddl.sas;15;15;29;29;0.01
data;ae;../keps14/problems/pegsol/p03.pddl.sas;12;12;26;26;0.002;data;gae;../keps14/problems/pegsol/p03.pddl.sas;12;12;26;26;0.002;data;ptt;../problems/pegsol/p03.pddl;12;12;26;26;0;data;max;../keps14/problems/pegsol/p03.pddl.sas;12;12;26;26;0.002;data;sat;../keps14/problems/pegsol/p03.pddl.sas;12;12;26;26;0.050;data;wmax;../keps14/problems/pegsol/p03.pddl.sas;12;12;26;26;0.01
data;ae;../keps14/problems/pegsol/p04.pddl.sas;15;15;29;29;0.002;data;gae;../keps14/problems/pegsol/p04.pddl.sas;15;15;29;29;0.002;data;ptt;../problems/pegsol/p04.pddl;15;15;29;29;0;data;max;../keps14/problems/pegsol/p04.pddl.sas;15;15;29;29;0;data;sat;../keps14/problems/pegsol/p04.pddl.sas;15;15;29;29;0.056;data;wmax;../keps14/problems/pegsol/p04.pddl.sas;15;15;29;29;0.01
data;ae;../keps14/problems/pegsol/p05.pddl.sas;13;13;27;27;0.002;data;gae;../keps14/problems/pegsol/p05.pddl.sas;13;13;27;27;0.002;data;ptt;../problems/pegsol/p05.pddl;13;13;27;27;0;data;max;../keps14/problems/pegsol/p05.pddl.sas;13;13;27;27;0.001;data;sat;../keps14/problems/pegsol/p05.pddl.sas;13;13;27;27;0.052;data;wmax;../keps14/problems/pegsol/p05.pddl.sas;13;13;27;27;0.01
data;ae;../keps14/problems/pegsol/p06.pddl.sas;12;12;26;26;0.002;data;gae;../keps14/problems/pegsol/p06.pddl.sas;12;12;26;26;0.002;data;ptt;../problems/pegsol/p06.pddl;12;12;26;26;0;data;max;../keps14/problems/pegsol/p06.pddl.sas;12;12;26;26;0;data;sat;../keps14/problems/pegsol/p06.pddl.sas;12;12;26;26;0.051;data;wmax;../keps14/problems/pegsol/p06.pddl.sas;12;12;26;26;0.01
data;ae;../keps14/problems/pegsol/p07.pddl.sas;15;15;30;30;0.004;data;gae;../keps14/problems/pegsol/p07.pddl.sas;15;15;30;30;0.002;data;ptt;../problems/pegsol/p07.pddl;15;15;30;30;0;data;max;../keps14/problems/pegsol/p07.pddl.sas;15;15;30;30;0.001;data;sat;../keps14/problems/pegsol/p07.pddl.sas;15;15;30;30;0.056;data;wmax;../keps14/problems/pegsol/p07.pddl.sas;15;15;30;30;0.01
data;ae;../keps14/problems/pegsol/p08.pddl.sas;13;13;28;28;0.002;data;gae;../keps14/problems/pegsol/p08.pddl.sas;13;13;28;28;0.002;data;ptt;../problems/pegsol/p08.pddl;13;13;28;28;0;data;max;../keps14/problems/pegsol/p08.pddl.sas;13;13;28;28;0;data;sat;../keps14/problems/pegsol/p08.pddl.sas;13;13;28;28;0.052;data;wmax;../keps14/problems/pegsol/p08.pddl.sas;13;13;28;28;0.00
data;ae;../keps14/problems/pegsol/p09.pddl.sas;16;16;33;33;0.005;data;gae;../keps14/problems/pegsol/p09.pddl.sas;16;16;33;33;0.002;data;ptt;../problems/pegsol/p09.pddl;16;16;33;33;0;data;max;../keps14/problems/pegsol/p09.pddl.sas;16;16;33;33;0.001;data;sat;../keps14/problems/pegsol/p09.pddl.sas;16;16;33;33;0.062;data;wmax;../keps14/problems/pegsol/p09.pddl.sas;16;16;33;33;0.02
data;ae;../keps14/problems/pegsol/p10.pddl.sas;13;13;28;28;0.002;data;gae;../keps14/problems/pegsol/p10.pddl.sas;13;13;28;28;0.002;data;ptt;../problems/pegsol/p10.pddl;13;13;28;28;0;data;max;../keps14/problems/pegsol/p10.pddl.sas;13;13;28;28;0.002;data;sat;../keps14/problems/pegsol/p10.pddl.sas;13;13;28;28;0.052;data;wmax;../keps14/problems/pegsol/p10.pddl.sas;13;13;28;28;0.01
data;ae;../keps14/problems/pegsol/p11.pddl.sas;14;14;29;29;0.002;data;gae;../keps14/problems/pegsol/p11.pddl.sas;14;14;29;29;0.002;data;ptt;../problems/pegsol/p11.pddl;14;14;29;29;0;data;max;../keps14/problems/pegsol/p11.pddl.sas;14;14;29;29;0.001;data;sat;../keps14/problems/pegsol/p11.pddl.sas;14;14;29;29;0.057;data;wmax;../keps14/problems/pegsol/p11.pddl.sas;14;14;29;29;0.01
data;ae;../keps14/problems/pegsol/p12.pddl.sas;14;14;30;30;0.002;data;gae;../keps14/problems/pegsol/p12.pddl.sas;14;14;30;30;0.002;data;ptt;../problems/pegsol/p12.pddl;14;14;30;30;0;data;max;../keps14/problems/pegsol/p12.pddl.sas;14;14;30;30;0.001;data;sat;../keps14/problems/pegsol/p12.pddl.sas;14;14;30;30;0.054;data;wmax;../keps14/problems/pegsol/p12.pddl.sas;14;14;30;30;0.01
data;ae;../keps14/problems/pegsol/p13.pddl.sas;12;12;24;24;0.002;data;gae;../keps14/problems/pegsol/p13.pddl.sas;12;12;24;24;0.002;data;ptt;../problems/pegsol/p13.pddl;12;12;24;24;0;data;max;../keps14/problems/pegsol/p13.pddl.sas;12;12;24;24;0.001;data;sat;../keps14/problems/pegsol/p13.pddl.sas;12;12;24;24;0.049;data;wmax;../keps14/problems/pegsol/p13.pddl.sas;12;12;24;24;0.01
data;ae;../keps14/problems/pegsol/p14.pddl.sas;14;14;31;31;0.002;data;gae;../keps14/problems/pegsol/p14.pddl.sas;14;14;31;31;0.002;data;ptt;../problems/pegsol/p14.pddl;14;14;31;31;0;data;max;../keps14/problems/pegsol/p14.pddl.sas;14;14;31;31;0.001;data;sat;../keps14/problems/pegsol/p14.pddl.sas;14;14;31;31;0.070;data;wmax;../keps14/problems/pegsol/p14.pddl.sas;14;14;31;31;0.01
data;ae;../keps14/problems/pegsol/p15.pddl.sas;10;10;23;23;0.002;data;gae;../keps14/problems/pegsol/p15.pddl.sas;10;10;23;23;0.001;data;ptt;../problems/pegsol/p15.pddl;10;10;23;23;0;data;max;../keps14/problems/pegsol/p15.pddl.sas;10;10;23;23;0.001;data;sat;../keps14/problems/pegsol/p15.pddl.sas;10;10;23;23;0.045;data;wmax;../keps14/problems/pegsol/p15.pddl.sas;10;10;23;23;0.01
data;ae;../keps14/problems/pegsol/p16.pddl.sas;16;16;34;34;0.003;data;gae;../keps14/problems/pegsol/p16.pddl.sas;16;16;34;34;0.002;data;ptt;../problems/pegsol/p16.pddl;16;16;34;34;0;data;max;../keps14/problems/pegsol/p16.pddl.sas;16;16;34;34;0;data;sat;../keps14/problems/pegsol/p16.pddl.sas;16;16;34;34;0.063;data;wmax;../keps14/problems/pegsol/p16.pddl.sas;16;16;34;34;0.01
data;ae;../keps14/problems/pegsol/p17.pddl.sas;17;17;38;38;0.003;data;gae;../keps14/problems/pegsol/p17.pddl.sas;17;17;38;38;0.003;data;ptt;../problems/pegsol/p17.pddl;17;17;38;38;0;data;max;../keps14/problems/pegsol/p17.pddl.sas;17;17;38;38;0.001;data;sat;../keps14/problems/pegsol/p17.pddl.sas;17;17;38;38;0.065;data;wmax;../keps14/problems/pegsol/p17.pddl.sas;17;17;38;38;0.02
data;ae;../keps14/problems/pegsol/p18.pddl.sas;24;24;47;47;0.007;data;gae;../keps14/problems/pegsol/p18.pddl.sas;24;24;47;47;0.007;data;ptt;../problems/pegsol/p18.pddl;24;24;47;47;0;data;max;../keps14/problems/pegsol/p18.pddl.sas;24;24;47;47;0.002;data;sat;../keps14/problems/pegsol/p18.pddl.sas;24;24;47;47;0.094;data;wmax;../keps14/problems/pegsol/p18.pddl.sas;24;24;47;47;0.04
data;ae;../keps14/problems/pegsol/p19.pddl.sas;21;21;47;47;0.005;data;gae;../keps14/problems/pegsol/p19.pddl.sas;21;21;47;47;0.006;data;ptt;../problems/pegsol/p19.pddl;21;21;47;47;0;data;max;../keps14/problems/pegsol/p19.pddl.sas;21;21;47;47;0.003;data;sat;../keps14/problems/pegsol/p19.pddl.sas;21;21;47;47;0.085;data;wmax;../keps14/problems/pegsol/p19.pddl.sas;21;21;47;47;0.03
data;ae;../keps14/problems/pegsol/p20.pddl.sas;29;29;59;59;0.007;data;gae;../keps14/problems/pegsol/p20.pddl.sas;29;29;59;59;0.008;data;ptt;../problems/pegsol/p20.pddl;29;29;59;59;.01;data;max;../keps14/problems/pegsol/p20.pddl.sas;29;29;59;59;0.002;data;sat;../keps14/problems/pegsol/p20.pddl.sas;29;29;59;59;0.119;data;wmax;../keps14/problems/pegsol/p20.pddl.sas;29;29;59;59;0.06
data;ae;../keps14/problems/scanalyzer/p01.pddl.sas;30;30;10;10;0.002;data;gae;../keps14/problems/scanalyzer/p01.pddl.sas;30;30;10;10;0.000;data;ptt;../problems/scanalyzer/p01.pddl;30;30;10;10;0;data;max;../keps14/problems/scanalyzer/p01.pddl.sas;30;30;10;10;0;data;sat;../keps14/problems/scanalyzer/p01.pddl.sas;30;30;10;10;0.034;data;wmax;../keps14/problems/scanalyzer/p01.pddl.sas;30;30;10;10;0.00
data;ae;../keps14/problems/scanalyzer/p02.pddl.sas;60;60;20;20;0.001;data;gae;../keps14/problems/scanalyzer/p02.pddl.sas;60;60;20;20;0.001;data;ptt;../problems/scanalyzer/p02.pddl;60;60;20;20;0;data;max;../keps14/problems/scanalyzer/p02.pddl.sas;60;60;20;20;0;data;sat;../keps14/problems/scanalyzer/p02.pddl.sas;60;60;20;20;0.041;data;wmax;../keps14/problems/scanalyzer/p02.pddl.sas;60;60;20;20;0.00
data;ae;../keps14/problems/scanalyzer/p03.pddl.sas;54;48;30;28;0.002;data;gae;../keps14/problems/scanalyzer/p03.pddl.sas;54;48;30;28;0.005;data;ptt;../problems/scanalyzer/p03.pddl;54;54;30;30;0;data;max;../keps14/problems/scanalyzer/p03.pddl.sas;54;48;30;28;0;data;sat;../keps14/problems/scanalyzer/p03.pddl.sas;54;48;30;28;0.049;data;wmax;../keps14/problems/scanalyzer/p03.pddl.sas;54;48;30;28;0.01
data;ae;../keps14/problems/scanalyzer/p04.pddl.sas;78;78;42;42;0.003;data;gae;../keps14/problems/scanalyzer/p04.pddl.sas;78;78;42;42;0.003;data;ptt;../problems/scanalyzer/p04.pddl;78;78;42;42;0;data;max;../keps14/problems/scanalyzer/p04.pddl.sas;78;78;42;42;0.002;data;sat;../keps14/problems/scanalyzer/p04.pddl.sas;78;78;42;42;0.068;data;wmax;../keps14/problems/scanalyzer/p04.pddl.sas;78;78;42;42;0.01
data;ae;../keps14/problems/scanalyzer/p05.pddl.sas;72;72;24;24;0.001;data;gae;../keps14/problems/scanalyzer/p05.pddl.sas;72;72;24;24;0.001;data;ptt;../problems/scanalyzer/p05.pddl;72;72;24;24;0;data;max;../keps14/problems/scanalyzer/p05.pddl.sas;72;72;24;24;0.001;data;sat;../keps14/problems/scanalyzer/p05.pddl.sas;72;72;24;24;0.042;data;wmax;../keps14/problems/scanalyzer/p05.pddl.sas;72;72;24;24;0.00
data;ae;../keps14/problems/scanalyzer/p06.pddl.sas;66;54;30;26;0.003;data;gae;../keps14/problems/scanalyzer/p06.pddl.sas;66;54;30;26;0.002;data;ptt;../problems/scanalyzer/p06.pddl;66;66;30;30;0;data;max;../keps14/problems/scanalyzer/p06.pddl.sas;66;54;30;26;0.001;data;sat;../keps14/problems/scanalyzer/p06.pddl.sas;66;54;30;26;0.063;data;wmax;../keps14/problems/scanalyzer/p06.pddl.sas;66;54;30;26;0.02
data;ae;../keps14/problems/scanalyzer/p07.pddl.sas;84;84;28;28;0.003;data;gae;../keps14/problems/scanalyzer/p07.pddl.sas;84;84;28;28;0.001;data;ptt;../problems/scanalyzer/p07.pddl;84;84;28;28;0;data;max;../keps14/problems/scanalyzer/p07.pddl.sas;84;84;28;28;0;data;sat;../keps14/problems/scanalyzer/p07.pddl.sas;84;84;28;28;0.041;data;wmax;../keps14/problems/scanalyzer/p07.pddl.sas;84;84;28;28;0.00
data;ae;../keps14/problems/scanalyzer/p08.pddl.sas;48;36;22;18;0.001;data;gae;../keps14/problems/scanalyzer/p08.pddl.sas;48;36;22;18;0.001;data;ptt;../problems/scanalyzer/p08.pddl;48;48;22;22;0;data;max;../keps14/problems/scanalyzer/p08.pddl.sas;48;36;22;18;0.001;data;sat;../keps14/problems/scanalyzer/p08.pddl.sas;48;36;22;18;0.048;data;wmax;../keps14/problems/scanalyzer/p08.pddl.sas;48;36;22;18;0.01
data;ae;../keps14/problems/scanalyzer/p09.pddl.sas;96;96;52;52;0.004;data;gae;../keps14/problems/scanalyzer/p09.pddl.sas;96;96;52;52;0.004;data;ptt;../problems/scanalyzer/p09.pddl;96;96;52;52;0;data;max;../keps14/problems/scanalyzer/p09.pddl.sas;96;96;52;52;0;data;sat;../keps14/problems/scanalyzer/p09.pddl.sas;96;96;52;52;0.066;data;wmax;../keps14/problems/scanalyzer/p09.pddl.sas;96;96;52;52;0.02
data;ae;../keps14/problems/scanalyzer/p10.pddl.sas;90;90;38;38;0.003;data;gae;../keps14/problems/scanalyzer/p10.pddl.sas;90;90;38;38;0.005;data;ptt;../problems/scanalyzer/p10.pddl;90;90;38;38;0;data;max;../keps14/problems/scanalyzer/p10.pddl.sas;90;90;38;38;0;data;sat;../keps14/problems/scanalyzer/p10.pddl.sas;90;90;38;38;0.053;data;wmax;../keps14/problems/scanalyzer/p10.pddl.sas;90;90;38;38;0.01
data;ae;../keps14/problems/scanalyzer/p11.pddl.sas;114;114;62;62;0.005;data;gae;../keps14/problems/scanalyzer/p11.pddl.sas;114;114;62;62;0.005;data;ptt;../problems/scanalyzer/p11.pddl;114;114;62;62;0;data;max;../keps14/problems/scanalyzer/p11.pddl.sas;114;114;62;62;0.001;data;sat;../keps14/problems/scanalyzer/p11.pddl.sas;114;114;62;62;0.084;data;wmax;../keps14/problems/scanalyzer/p11.pddl.sas;114;114;62;62;0.03
data;ae;../keps14/problems/scanalyzer/p12.pddl.sas;76;76;32;32;0.002;data;gae;../keps14/problems/scanalyzer/p12.pddl.sas;76;76;32;32;0.002;data;ptt;../problems/scanalyzer/p12.pddl;76;76;32;32;0;data;max;../keps14/problems/scanalyzer/p12.pddl.sas;76;76;32;32;0;data;sat;../keps14/problems/scanalyzer/p12.pddl.sas;76;76;32;32;0.046;data;wmax;../keps14/problems/scanalyzer/p12.pddl.sas;76;76;32;32;0.01
data;ae;../keps14/problems/scanalyzer/p13.pddl.sas;62;62;26;26;0.002;data;gae;../keps14/problems/scanalyzer/p13.pddl.sas;62;62;26;26;0.004;data;ptt;../problems/scanalyzer/p13.pddl;62;62;26;26;0;data;max;../keps14/problems/scanalyzer/p13.pddl.sas;62;62;26;26;0.001;data;sat;../keps14/problems/scanalyzer/p13.pddl.sas;62;62;26;26;0.044;data;wmax;../keps14/problems/scanalyzer/p13.pddl.sas;62;62;26;26;0.00
data;ae;../keps14/problems/scanalyzer/p14.pddl.sas;104;104;44;44;0.003;data;gae;../keps14/problems/scanalyzer/p14.pddl.sas;104;104;44;44;0.003;data;ptt;../problems/scanalyzer/p14.pddl;104;104;44;44;0;data;max;../keps14/problems/scanalyzer/p14.pddl.sas;104;104;44;44;0.001;data;sat;../keps14/problems/scanalyzer/p14.pddl.sas;104;104;44;44;0.061;data;wmax;../keps14/problems/scanalyzer/p14.pddl.sas;104;104;44;44;0.02
data;ae;../keps14/problems/scanalyzer/p15.pddl.sas;132;132;72;72;0.007;data;gae;../keps14/problems/scanalyzer/p15.pddl.sas;132;132;72;72;0.007;data;ptt;../problems/scanalyzer/p15.pddl;132;132;72;72;0;data;max;../keps14/problems/scanalyzer/p15.pddl.sas;132;132;72;72;0.005;data;sat;../keps14/problems/scanalyzer/p15.pddl.sas;132;132;72;72;0.108;data;wmax;../keps14/problems/scanalyzer/p15.pddl.sas;132;132;72;72;0.04
data;ae;../keps14/problems/scanalyzer/p16.pddl.sas;118;118;50;50;0.005;data;gae;../keps14/problems/scanalyzer/p16.pddl.sas;118;118;50;50;0.003;data;ptt;../problems/scanalyzer/p16.pddl;118;118;50;50;0;data;max;../keps14/problems/scanalyzer/p16.pddl.sas;118;118;50;50;0;data;sat;../keps14/problems/scanalyzer/p16.pddl.sas;118;118;50;50;0.066;data;wmax;../keps14/problems/scanalyzer/p16.pddl.sas;118;118;50;50;0.02
data;ae;../keps14/problems/scanalyzer/p17.pddl.sas;150;150;82;82;0.008;data;gae;../keps14/problems/scanalyzer/p17.pddl.sas;150;150;82;82;0.006;data;ptt;../problems/scanalyzer/p17.pddl;150;150;82;82;0;data;max;../keps14/problems/scanalyzer/p17.pddl.sas;150;150;82;82;0.003;data;sat;../keps14/problems/scanalyzer/p17.pddl.sas;150;150;82;82;0.111;data;wmax;../keps14/problems/scanalyzer/p17.pddl.sas;150;150;82;82;0.05
data;ae;../keps14/problems/scanalyzer/p18.pddl.sas;57;45;19;15;0.001;data;gae;../keps14/problems/scanalyzer/p18.pddl.sas;57;45;19;15;0.001;data;ptt;../problems/scanalyzer/p18.pddl;57;57;19;19;0;data;max;../keps14/problems/scanalyzer/p18.pddl.sas;57;45;19;15;0;data;sat;../keps14/problems/scanalyzer/p18.pddl.sas;57;45;19;15;0.045;data;wmax;../keps14/problems/scanalyzer/p18.pddl.sas;57;45;19;15;0.00
data;ae;../keps14/problems/scanalyzer/p19.pddl.sas;179;155;79;71;0.007;data;gae;../keps14/problems/scanalyzer/p19.pddl.sas;179;155;79;71;0.015;data;ptt;../problems/scanalyzer/p19.pddl;179;179;79;79;0;data;max;../keps14/problems/scanalyzer/p19.pddl.sas;179;155;79;71;0.007;data;sat;../keps14/problems/scanalyzer/p19.pddl.sas;179;155;79;71;0.207;data;wmax;../keps14/problems/scanalyzer/p19.pddl.sas;179;155;79;71;0.17
data;ae;../keps14/problems/scanalyzer/p20.pddl.sas;115;103;61;57;0.003;data;gae;../keps14/problems/scanalyzer/p20.pddl.sas;115;103;61;57;0.011;data;ptt;../problems/scanalyzer/p20.pddl;115;115;61;61;0;data;max;../keps14/problems/scanalyzer/p20.pddl.sas;115;103;61;57;0.002;data;sat;../keps14/problems/scanalyzer/p20.pddl.sas;115;103;61;57;0.126;data;wmax;../keps14/problems/scanalyzer/p20.pddl.sas;115;103;61;57;0.07
data;ae;../keps14/problems/sokoban/p01.pddl.sas;82;78;229;219;0.025;data;gae;../keps14/problems/sokoban/p01.pddl.sas;82;78;229;219;0.034;data;ptt;../problems/sokoban/p01.pddl;82;82;229;229;.03;data;max;../keps14/problems/sokoban/p01.pddl.sas;82;78;229;219;0.024;data;sat;../keps14/problems/sokoban/p01.pddl.sas;82;78;229;219;0.345;data;wmax;../keps14/problems/sokoban/p01.pddl.sas;82;78;229;219;1.86
data;ae;../keps14/problems/sokoban/p02.pddl.sas;64;64;245;245;0.027;data;gae;../keps14/problems/sokoban/p02.pddl.sas;64;64;245;245;0.027;data;ptt;../problems/sokoban/p02.pddl;64;64;245;245;.04;data;max;../keps14/problems/sokoban/p02.pddl.sas;64;64;245;245;0.02;data;sat;../keps14/problems/sokoban/p02.pddl.sas;64;64;245;245;0.249;data;wmax;../keps14/problems/sokoban/p02.pddl.sas;64;64;245;245;0.86
data;ae;../keps14/problems/sokoban/p03.pddl.sas;45;43;139;129;0.025;data;gae;../keps14/problems/sokoban/p03.pddl.sas;45;43;139;135;0.036;data;ptt;../problems/sokoban/p03.pddl;45;45;139;139;.01;data;max;../keps14/problems/sokoban/p03.pddl.sas;45;43;139;129;0.011;data;sat;../keps14/problems/sokoban/p03.pddl.sas;45;43;139;129;0.237;data;wmax;../keps14/problems/sokoban/p03.pddl.sas;45;43;139;129;0.16
data;ae;../keps14/problems/sokoban/p04.pddl.sas;67;67;303;303;0.033;data;gae;../keps14/problems/sokoban/p04.pddl.sas;67;67;303;303;0.025;data;ptt;../problems/sokoban/p04.pddl;67;67;303;303;.19;data;max;../keps14/problems/sokoban/p04.pddl.sas;67;67;303;303;0.05;data;sat;../keps14/problems/sokoban/p04.pddl.sas;67;67;303;303;0.343;data;wmax;../keps14/problems/sokoban/p04.pddl.sas;67;67;303;303;4.02
data;ae;../keps14/problems/sokoban/p05.pddl.sas;120;104;561;461;0.045;data;gae;../keps14/problems/sokoban/p05.pddl.sas;120;104;561;461;0.138;data;ptt;../problems/sokoban/p05.pddl;120;120;561;561;1.36;data;max;../keps14/problems/sokoban/p05.pddl.sas;120;104;561;461;0.252;data;sat;../keps14/problems/sokoban/p05.pddl.sas;120;104;561;461;1.817;data;wmax;../keps14/problems/sokoban/p05.pddl.sas;120;104;561;477;77.40
data;ae;../keps14/problems/sokoban/p06.pddl.sas;92;92;304;304;0.027;data;gae;../keps14/problems/sokoban/p06.pddl.sas;92;92;304;304;0.027;data;ptt;../problems/sokoban/p06.pddl;92;92;304;304;.06;data;max;../keps14/problems/sokoban/p06.pddl.sas;92;92;304;304;0.066;data;sat;../keps14/problems/sokoban/p06.pddl.sas;92;92;304;304;0.378;data;wmax;../keps14/problems/sokoban/p06.pddl.sas;92;92;304;304;3.17
data;ae;../keps14/problems/sokoban/p07.pddl.sas;31;31;77;77;0.009;data;gae;../keps14/problems/sokoban/p07.pddl.sas;31;31;77;77;0.009;data;ptt;../problems/sokoban/p07.pddl;31;31;77;77;0;data;max;../keps14/problems/sokoban/p07.pddl.sas;31;31;77;77;0.002;data;sat;../keps14/problems/sokoban/p07.pddl.sas;31;31;77;77;0.107;data;wmax;../keps14/problems/sokoban/p07.pddl.sas;31;31;77;77;0.05
data;ae;../keps14/problems/sokoban/p08.pddl.sas;84;80;366;342;0.035;data;gae;../keps14/problems/sokoban/p08.pddl.sas;84;80;366;342;0.043;data;ptt;../problems/sokoban/p08.pddl;84;84;366;366;.38;data;max;../keps14/problems/sokoban/p08.pddl.sas;84;80;366;342;0.121;data;sat;../keps14/problems/sokoban/p08.pddl.sas;84;80;366;342;0.595;data;wmax;../keps14/problems/sokoban/p08.pddl.sas;84;80;366;350;8.27
data;ae;../keps14/problems/sokoban/p09.pddl.sas;4;4;433;433;0.043;data;gae;../keps14/problems/sokoban/p09.pddl.sas;4;4;433;433;0.029;data;ptt;../problems/sokoban/p09.pddl;4;4;433;433;.20;data;max;../keps14/problems/sokoban/p09.pddl.sas;4;4;433;433;0.034;data;sat;../keps14/problems/sokoban/p09.pddl.sas;4;4;433;433;0.216;data;wmax;../keps14/problems/sokoban/p09.pddl.sas;4;4;433;433;0.51
data;ae;../keps14/problems/sokoban/p10.pddl.sas;64;64;247;247;0.025;data;gae;../keps14/problems/sokoban/p10.pddl.sas;64;64;247;247;0.028;data;ptt;../problems/sokoban/p10.pddl;64;64;247;247;.06;data;max;../keps14/problems/sokoban/p10.pddl.sas;64;64;247;247;0.038;data;sat;../keps14/problems/sokoban/p10.pddl.sas;64;64;247;247;0.241;data;wmax;../keps14/problems/sokoban/p10.pddl.sas;64;64;247;247;0.93
data;ae;../keps14/problems/sokoban/p11.pddl.sas;153;133;600;546;0.057;data;gae;../keps14/problems/sokoban/p11.pddl.sas;153;133;600;546;0.108;data;ptt;../problems/sokoban/p11.pddl;153;153;600;600;2.57;data;max;../keps14/problems/sokoban/p11.pddl.sas;153;133;600;546;0.258;data;sat;../keps14/problems/sokoban/p11.pddl.sas;153;133;600;546;2.205;data;wmax;../keps14/problems/sokoban/p11.pddl.sas;153;133;600;556;127.66
data;ae;../keps14/problems/sokoban/p12.pddl.sas;83;83;287;287;0.031;data;gae;../keps14/problems/sokoban/p12.pddl.sas;83;83;287;287;0.027;data;ptt;../problems/sokoban/p12.pddl;83;83;287;287;.07;data;max;../keps14/problems/sokoban/p12.pddl.sas;83;77;287;265;0.057;data;sat;../keps14/problems/sokoban/p12.pddl.sas;83;77;287;265;0.373;data;wmax;../keps14/problems/sokoban/p12.pddl.sas;83;77;287;271;1.47
data;ae;../keps14/problems/sokoban/p13.pddl.sas;24;24;83;83;0.011;data;gae;../keps14/problems/sokoban/p13.pddl.sas;24;24;83;83;0.008;data;ptt;../problems/sokoban/p13.pddl;24;24;83;83;.01;data;max;../keps14/problems/sokoban/p13.pddl.sas;24;24;83;83;0.003;data;sat;../keps14/problems/sokoban/p13.pddl.sas;24;24;83;83;0.091;data;wmax;../keps14/problems/sokoban/p13.pddl.sas;24;24;83;83;0.03
data;ae;../keps14/problems/sokoban/p14.pddl.sas;73;73;245;245;0.030;data;gae;../keps14/problems/sokoban/p14.pddl.sas;73;73;245;245;0.030;data;ptt;../problems/sokoban/p14.pddl;73;73;245;245;.06;data;max;../keps14/problems/sokoban/p14.pddl.sas;73;73;245;245;0.032;data;sat;../keps14/problems/sokoban/p14.pddl.sas;73;73;245;245;0.315;data;wmax;../keps14/problems/sokoban/p14.pddl.sas;73;73;245;245;1.84
data;ae;../keps14/problems/sokoban/p15.pddl.sas;140;132;566;548;0.048;data;gae;../keps14/problems/sokoban/p15.pddl.sas;140;132;566;548;0.053;data;ptt;../problems/sokoban/p15.pddl;140;140;566;566;1.23;data;max;../keps14/problems/sokoban/p15.pddl.sas;140;94;566;354;0.831;data;sat;../keps14/problems/sokoban/p15.pddl.sas;140;94;566;356;0.886;data;wmax;../keps14/problems/sokoban/p15.pddl.sas;140;94;566;356;18.77
data;ae;../keps14/problems/sokoban/p16.pddl.sas;24;24;71;71;0.007;data;gae;../keps14/problems/sokoban/p16.pddl.sas;24;24;71;71;0.007;data;ptt;../problems/sokoban/p16.pddl;24;24;71;71;.01;data;max;../keps14/problems/sokoban/p16.pddl.sas;24;24;71;71;0.004;data;sat;../keps14/problems/sokoban/p16.pddl.sas;24;24;71;71;0.065;data;wmax;../keps14/problems/sokoban/p16.pddl.sas;24;24;71;71;0.02
data;ae;../keps14/problems/sokoban/p17.pddl.sas;89;85;338;310;0.064;data;gae;../keps14/problems/sokoban/p17.pddl.sas;89;85;338;312;0.070;data;ptt;../problems/sokoban/p17.pddl;89;89;338;338;.13;data;max;../keps14/problems/sokoban/p17.pddl.sas;89;85;338;310;0.072;data;sat;../keps14/problems/sokoban/p17.pddl.sas;89;85;338;310;0.728;data;wmax;../keps14/problems/sokoban/p17.pddl.sas;89;85;338;314;5.13
data;ae;../keps14/problems/tidybot/p01.pddl.sas;0;0;91;83;0.011;data;gae;../keps14/problems/tidybot/p01.pddl.sas;0;0;91;83;0.021;data;ptt;../problems/tidybot/p01.pddl;91;91;91;91;0;data;max;../keps14/problems/tidybot/p01.pddl.sas;0;0;91;83;0.003;data;sat;../keps14/problems/tidybot/p01.pddl.sas;0;0;91;83;0.127;data;wmax;../keps14/problems/tidybot/p01.pddl.sas;0;0;91;83;0.03
data;ae;../keps14/problems/tidybot/p02.pddl.sas;0;0;74;68;0.006;data;gae;../keps14/problems/tidybot/p02.pddl.sas;0;0;74;68;0.019;data;ptt;../problems/tidybot/p02.pddl;74;74;74;74;0;data;max;../keps14/problems/tidybot/p02.pddl.sas;0;0;74;68;0.001;data;sat;../keps14/problems/tidybot/p02.pddl.sas;0;0;74;68;0.091;data;wmax;../keps14/problems/tidybot/p02.pddl.sas;0;0;74;68;0.01
data;ae;../keps14/problems/tidybot/p03.pddl.sas;0;0;53;53;0.005;data;gae;../keps14/problems/tidybot/p03.pddl.sas;0;0;53;53;0.003;data;ptt;../problems/tidybot/p03.pddl;53;53;53;53;0;data;max;../keps14/problems/tidybot/p03.pddl.sas;0;0;53;53;0;data;sat;../keps14/problems/tidybot/p03.pddl.sas;0;0;53;53;0.061;data;wmax;../keps14/problems/tidybot/p03.pddl.sas;0;0;53;53;0.01
data;ae;../keps14/problems/tidybot/p04.pddl.sas;0;0;28;28;0.001;data;gae;../keps14/problems/tidybot/p04.pddl.sas;0;0;28;28;0.001;data;ptt;../problems/tidybot/p04.pddl;28;28;28;28;0;data;max;../keps14/problems/tidybot/p04.pddl.sas;0;0;28;28;0;data;sat;../keps14/problems/tidybot/p04.pddl.sas;0;0;28;28;0.045;data;wmax;../keps14/problems/tidybot/p04.pddl.sas;0;0;28;28;0.00
data;ae;../keps14/problems/tidybot/p05.pddl.sas;0;0;64;54;0.005;data;gae;../keps14/problems/tidybot/p05.pddl.sas;0;0;64;54;0.018;data;ptt;../problems/tidybot/p05.pddl;64;64;64;64;0;data;max;../keps14/problems/tidybot/p05.pddl.sas;0;0;64;54;0.001;data;sat;../keps14/problems/tidybot/p05.pddl.sas;0;0;64;54;0.109;data;wmax;../keps14/problems/tidybot/p05.pddl.sas;0;0;64;58;0.01
data;ae;../keps14/problems/tidybot/p06.pddl.sas;0;0;113;107;0.016;data;gae;../keps14/problems/tidybot/p06.pddl.sas;0;0;113;107;0.021;data;ptt;../problems/tidybot/p06.pddl;113;113;113;113;.01;data;max;../keps14/problems/tidybot/p06.pddl.sas;0;0;113;107;0.005;data;sat;../keps14/problems/tidybot/p06.pddl.sas;0;0;113;107;0.140;data;wmax;../keps14/problems/tidybot/p06.pddl.sas;0;0;113;107;0.04
data;ae;../keps14/problems/tidybot/p07.pddl.sas;0;0;49;49;0.003;data;gae;../keps14/problems/tidybot/p07.pddl.sas;0;0;49;49;0.003;data;ptt;../problems/tidybot/p07.pddl;49;49;49;49;.01;data;max;../keps14/problems/tidybot/p07.pddl.sas;0;0;49;49;0.001;data;sat;../keps14/problems/tidybot/p07.pddl.sas;0;0;49;49;0.056;data;wmax;../keps14/problems/tidybot/p07.pddl.sas;0;0;49;49;0.00
data;ae;../keps14/problems/tidybot/p08.pddl.sas;0;0;26;26;0.001;data;gae;../keps14/problems/tidybot/p08.pddl.sas;0;0;26;26;0.001;data;ptt;../problems/tidybot/p08.pddl;26;26;26;26;0;data;max;../keps14/problems/tidybot/p08.pddl.sas;0;0;26;26;0;data;sat;../keps14/problems/tidybot/p08.pddl.sas;0;0;26;26;0.038;data;wmax;../keps14/problems/tidybot/p08.pddl.sas;0;0;26;26;0.00
data;ae;../keps14/problems/tidybot/p09.pddl.sas;0;0;39;39;0.002;data;gae;../keps14/problems/tidybot/p09.pddl.sas;0;0;39;39;0.002;data;ptt;../problems/tidybot/p09.pddl;39;39;39;39;0;data;max;../keps14/problems/tidybot/p09.pddl.sas;0;0;39;39;0;data;sat;../keps14/problems/tidybot/p09.pddl.sas;0;0;39;39;0.041;data;wmax;../keps14/problems/tidybot/p09.pddl.sas;0;0;39;39;0.00
data;ae;../keps14/problems/tidybot/p10.pddl.sas;0;0;68;66;0.005;data;gae;../keps14/problems/tidybot/p10.pddl.sas;0;0;68;66;0.010;data;ptt;../problems/tidybot/p10.pddl;68;68;68;68;0;data;max;../keps14/problems/tidybot/p10.pddl.sas;0;0;68;66;0.001;data;sat;../keps14/problems/tidybot/p10.pddl.sas;0;0;68;66;0.076;data;wmax;../keps14/problems/tidybot/p10.pddl.sas;0;0;68;68;0.01
data;ae;../keps14/problems/tidybot/p11.pddl.sas;0;0;86;68;0.009;data;gae;../keps14/problems/tidybot/p11.pddl.sas;0;0;86;68;0.036;data;ptt;../problems/tidybot/p11.pddl;86;86;86;86;0;data;max;../keps14/problems/tidybot/p11.pddl.sas;0;0;86;68;0.001;data;sat;../keps14/problems/tidybot/p11.pddl.sas;0;0;86;68;0.146;data;wmax;../keps14/problems/tidybot/p11.pddl.sas;0;0;86;76;0.02
data;ae;../keps14/problems/tidybot/p13.pddl.sas;0;0;103;99;0.012;data;gae;../keps14/problems/tidybot/p13.pddl.sas;0;0;103;99;0.026;data;ptt;../problems/tidybot/p13.pddl;103;103;103;103;0;data;max;../keps14/problems/tidybot/p13.pddl.sas;0;0;103;99;0.004;data;sat;../keps14/problems/tidybot/p13.pddl.sas;0;0;103;99;0.154;data;wmax;../keps14/problems/tidybot/p13.pddl.sas;0;0;103;103;0.04
data;ae;../keps14/problems/tidybot/p14.pddl.sas;0;0;64;60;0.005;data;gae;../keps14/problems/tidybot/p14.pddl.sas;0;0;64;60;0.017;data;ptt;../problems/tidybot/p14.pddl;64;64;64;64;0;data;max;../keps14/problems/tidybot/p14.pddl.sas;0;0;64;60;0.002;data;sat;../keps14/problems/tidybot/p14.pddl.sas;0;0;64;60;0.074;data;wmax;../keps14/problems/tidybot/p14.pddl.sas;0;0;64;60;0.01
data;ae;../keps14/problems/tidybot/p15.pddl.sas;0;0;59;57;0.004;data;gae;../keps14/problems/tidybot/p15.pddl.sas;0;0;59;57;0.007;data;ptt;../problems/tidybot/p15.pddl;59;59;59;59;0;data;max;../keps14/problems/tidybot/p15.pddl.sas;0;0;59;57;0.002;data;sat;../keps14/problems/tidybot/p15.pddl.sas;0;0;59;57;0.064;data;wmax;../keps14/problems/tidybot/p15.pddl.sas;0;0;59;59;0.00
data;ae;../keps14/problems/tidybot/p16.pddl.sas;0;0;84;80;0.009;data;gae;../keps14/problems/tidybot/p16.pddl.sas;0;0;84;80;0.018;data;ptt;../problems/tidybot/p16.pddl;84;84;84;84;0;data;max;../keps14/problems/tidybot/p16.pddl.sas;0;0;84;80;0.003;data;sat;../keps14/problems/tidybot/p16.pddl.sas;0;0;84;80;0.104;data;wmax;../keps14/problems/tidybot/p16.pddl.sas;0;0;84;82;0.03
data;ae;../keps14/problems/tidybot/p17.pddl.sas;0;0;45;45;0.003;data;gae;../keps14/problems/tidybot/p17.pddl.sas;0;0;45;45;0.004;data;ptt;../problems/tidybot/p17.pddl;45;45;45;45;0;data;max;../keps14/problems/tidybot/p17.pddl.sas;0;0;45;45;0;data;sat;../keps14/problems/tidybot/p17.pddl.sas;0;0;45;45;0.047;data;wmax;../keps14/problems/tidybot/p17.pddl.sas;0;0;45;45;0.00
data;ae;../keps14/problems/transport/p01.pddl.sas;1511;1449;118;115;0.016;data;gae;../keps14/problems/transport/p01.pddl.sas;1511;1449;118;115;0.047;data;ptt;../problems/transport/p01.pddl;1511;1449;118;115;.02;data;max;../keps14/problems/transport/p01.pddl.sas;1511;1449;118;115;0.001;data;sat;../keps14/problems/transport/p01.pddl.sas;1511;1449;118;115;0.087;data;wmax;../keps14/problems/transport/p01.pddl.sas;1511;1449;118;115;0.02
data;ae;../keps14/problems/transport/p02.pddl.sas;1364;1302;118;114;0.018;data;gae;../keps14/problems/transport/p02.pddl.sas;1364;1302;118;114;0.030;data;ptt;../problems/transport/p02.pddl;1364;1302;118;114;.01;data;max;../keps14/problems/transport/p02.pddl.sas;1364;1302;118;114;0.002;data;sat;../keps14/problems/transport/p02.pddl.sas;1364;1302;118;114;0.067;data;wmax;../keps14/problems/transport/p02.pddl.sas;1364;1302;118;114;0.01
data;ae;../keps14/problems/transport/p03.pddl.sas;3926;3881;152;148;0.025;data;gae;../keps14/problems/transport/p03.pddl.sas;3926;3881;152;148;0.039;data;ptt;../problems/transport/p03.pddl;3926;3881;152;148;.02;data;max;../keps14/problems/transport/p03.pddl.sas;3926;3881;152;148;0.005;data;sat;../keps14/problems/transport/p03.pddl.sas;3926;3881;152;148;0.091;data;wmax;../keps14/problems/transport/p03.pddl.sas;3926;3881;152;148;0.03
data;ae;../keps14/problems/transport/p04.pddl.sas;4020;3825;149;141;0.032;data;gae;../keps14/problems/transport/p04.pddl.sas;4020;3824;149;140;0.053;data;ptt;../problems/transport/p04.pddl;4020;3898;149;144;.02;data;max;../keps14/problems/transport/p04.pddl.sas;4020;3824;149;140;0.004;data;sat;../keps14/problems/transport/p04.pddl.sas;4020;3825;149;141;0.165;data;wmax;../keps14/problems/transport/p04.pddl.sas;4020;3824;149;140;0.07
data;ae;../keps14/problems/transport/p05.pddl.sas;4734;4030;199;175;0.060;data;gae;../keps14/problems/transport/p05.pddl.sas;4734;4030;199;175;0.082;data;ptt;../problems/transport/p05.pddl;4734;4030;199;175;.02;data;max;../keps14/problems/transport/p05.pddl.sas;4734;4030;199;175;0.008;data;sat;../keps14/problems/transport/p05.pddl.sas;4734;4030;199;175;0.224;data;wmax;../keps14/problems/transport/p05.pddl.sas;4734;4030;199;175;0.08
data;ae;../keps14/problems/transport/p06.pddl.sas;5457;5003;249;228;0.029;data;gae;../keps14/problems/transport/p06.pddl.sas;5457;5003;249;228;0.075;data;ptt;../problems/transport/p06.pddl;5457;5105;249;233;.03;data;max;../keps14/problems/transport/p06.pddl.sas;5457;5003;249;228;0.014;data;sat;../keps14/problems/transport/p06.pddl.sas;5457;5003;249;228;0.228;data;wmax;../keps14/problems/transport/p06.pddl.sas;5457;5003;249;228;0.14
data;ae;../keps14/problems/transport/p07.pddl.sas;7440;6781;328;295;0.050;data;gae;../keps14/problems/transport/p07.pddl.sas;7440;6781;328;295;0.075;data;ptt;../problems/transport/p07.pddl;7440;7174;328;313;.06;data;max;../keps14/problems/transport/p07.pddl.sas;7440;6781;328;295;0.02;data;sat;../keps14/problems/transport/p07.pddl.sas;7440;6781;328;295;0.272;data;wmax;../keps14/problems/transport/p07.pddl.sas;7440;6781;328;295;0.27
data;ae;../keps14/problems/transport/p08.pddl.sas;2253;1917;185;165;0.027;data;gae;../keps14/problems/transport/p08.pddl.sas;2253;1917;185;165;0.032;data;ptt;../problems/transport/p08.pddl;2253;2151;185;179;.02;data;max;../keps14/problems/transport/p08.pddl.sas;2253;1917;185;165;0.006;data;sat;../keps14/problems/transport/p08.pddl.sas;2253;1917;185;165;0.144;data;wmax;../keps14/problems/transport/p08.pddl.sas;2253;1917;185;165;0.04
data;ae;../keps14/problems/transport/p09.pddl.sas;8511;7663;384;350;0.035;data;gae;../keps14/problems/transport/p09.pddl.sas;8511;7663;384;350;0.077;data;ptt;../problems/transport/p09.pddl;8511;7784;384;356;.15;data;max;../keps14/problems/transport/p09.pddl.sas;8511;7663;384;350;0.038;data;sat;../keps14/problems/transport/p09.pddl.sas;8511;7663;384;350;0.428;data;wmax;../keps14/problems/transport/p09.pddl.sas;8511;7663;384;350;0.74
data;ae;../keps14/problems/transport/p10.pddl.sas;5759;5406;198;183;0.026;data;gae;../keps14/problems/transport/p10.pddl.sas;5759;5406;198;183;0.042;data;ptt;../problems/transport/p10.pddl;5759;5467;198;186;.02;data;max;../keps14/problems/transport/p10.pddl.sas;5759;5406;198;183;0.008;data;sat;../keps14/problems/transport/p10.pddl.sas;5759;5406;198;183;0.142;data;wmax;../keps14/problems/transport/p10.pddl.sas;5759;5406;198;183;0.04
data;ae;../keps14/problems/transport/p11.pddl.sas;1994;1764;184;168;0.041;data;gae;../keps14/problems/transport/p11.pddl.sas;1994;1764;184;168;0.040;data;ptt;../problems/transport/p11.pddl;1994;1764;184;168;.02;data;max;../keps14/problems/transport/p11.pddl.sas;1994;1764;184;168;0.005;data;sat;../keps14/problems/transport/p11.pddl.sas;1994;1764;184;168;0.124;data;wmax;../keps14/problems/transport/p11.pddl.sas;1994;1764;184;168;0.03
data;ae;../keps14/problems/transport/p12.pddl.sas;1893;1795;167;159;0.025;data;gae;../keps14/problems/transport/p12.pddl.sas;1893;1795;167;159;0.035;data;ptt;../problems/transport/p12.pddl;1893;1795;167;159;.02;data;max;../keps14/problems/transport/p12.pddl.sas;1893;1795;167;159;0.004;data;sat;../keps14/problems/transport/p12.pddl.sas;1893;1795;167;159;0.089;data;wmax;../keps14/problems/transport/p12.pddl.sas;1893;1795;167;159;0.02
data;ae;../keps14/problems/transport/p13.pddl.sas;2497;2311;210;198;0.029;data;gae;../keps14/problems/transport/p13.pddl.sas;2497;2311;210;198;0.045;data;ptt;../problems/transport/p13.pddl;2497;2311;210;198;.03;data;max;../keps14/problems/transport/p13.pddl.sas;2497;2311;210;198;0.008;data;sat;../keps14/problems/transport/p13.pddl.sas;2497;2311;210;198;0.117;data;wmax;../keps14/problems/transport/p13.pddl.sas;2497;2311;210;198;0.04
data;ae;../keps14/problems/transport/p17.pddl.sas;5654;5538;332;322;0.032;data;gae;../keps14/problems/transport/p17.pddl.sas;5654;5538;332;322;0.047;data;ptt;../problems/transport/p17.pddl;5654;5538;332;322;.16;data;max;../keps14/problems/transport/p17.pddl.sas;5654;5538;332;322;0.013;data;sat;../keps14/problems/transport/p17.pddl.sas;5654;5538;332;322;0.160;data;wmax;../keps14/problems/transport/p17.pddl.sas;5654;5538;332;322;0.07
data;ae;../keps14/problems/transport/p18.pddl.sas;5802;5622;338;322;0.033;data;gae;../keps14/problems/transport/p18.pddl.sas;5802;5622;338;322;0.055;data;ptt;../problems/transport/p18.pddl;5802;5622;338;322;.17;data;max;../keps14/problems/transport/p18.pddl.sas;5802;5622;338;322;0.013;data;sat;../keps14/problems/transport/p18.pddl.sas;5802;5622;338;322;0.221;data;wmax;../keps14/problems/transport/p18.pddl.sas;5802;5622;338;322;0.12
data;ae;../keps14/problems/transport/p19.pddl.sas;6278;5958;372;346;0.035;data;gae;../keps14/problems/transport/p19.pddl.sas;6278;5958;372;346;0.052;data;ptt;../problems/transport/p19.pddl;6278;5958;372;346;.19;data;max;../keps14/problems/transport/p19.pddl.sas;6278;5958;372;346;0.013;data;sat;../keps14/problems/transport/p19.pddl.sas;6278;5958;372;346;0.239;data;wmax;../keps14/problems/transport/p19.pddl.sas;6278;5958;372;346;0.11
data;ae;../keps14/problems/transport/p20.pddl.sas;5867;5456;376;341;0.048;data;gae;../keps14/problems/transport/p20.pddl.sas;5867;5456;376;341;0.077;data;ptt;../problems/transport/p20.pddl;5867;5537;376;346;.19;data;max;../keps14/problems/transport/p20.pddl.sas;5867;5456;376;341;0.016;data;sat;../keps14/problems/transport/p20.pddl.sas;5867;5456;376;341;0.228;data;wmax;../keps14/problems/transport/p20.pddl.sas;5867;5456;376;341;0.07
data;ae;../keps14/problems/visitall/problem12.pddl.sas;0;0;198;196;0.029;data;gae;../keps14/problems/visitall/problem12.pddl.sas;0;0;198;196;0.031;data;ptt;../problems/visitall/problem12.pddl;198;198;198;198;.02;data;max;../keps14/problems/visitall/problem12.pddl.sas;0;0;198;196;0.007;data;sat;../keps14/problems/visitall/problem12.pddl.sas;0;0;198;196;0.138;data;wmax;../keps14/problems/visitall/problem12.pddl.sas;0;0;198;196;0.06
data;ae;../keps14/problems/visitall/problem14.pddl.sas;0;0;290;290;0.032;data;gae;../keps14/problems/visitall/problem14.pddl.sas;0;0;290;290;0.028;data;ptt;../problems/visitall/problem14.pddl;290;290;290;290;.04;data;max;../keps14/problems/visitall/problem14.pddl.sas;0;0;290;290;0.014;data;sat;../keps14/problems/visitall/problem14.pddl.sas;0;0;290;290;0.170;data;wmax;../keps14/problems/visitall/problem14.pddl.sas;0;0;290;290;0.14
data;ae;../keps14/problems/visitall/problem16.pddl.sas;0;0;334;334;0.037;data;gae;../keps14/problems/visitall/problem16.pddl.sas;0;0;334;334;0.030;data;ptt;../problems/visitall/problem16.pddl;334;334;334;334;.07;data;max;../keps14/problems/visitall/problem16.pddl.sas;0;0;334;334;0.011;data;sat;../keps14/problems/visitall/problem16.pddl.sas;0;0;334;334;0.166;data;wmax;../keps14/problems/visitall/problem16.pddl.sas;0;0;334;334;0.11
data;ae;../keps14/problems/visitall/problem18.pddl.sas;0;0;424;424;0.049;data;gae;../keps14/problems/visitall/problem18.pddl.sas;0;0;424;424;0.040;data;ptt;../problems/visitall/problem18.pddl;424;424;424;424;.12;data;max;../keps14/problems/visitall/problem18.pddl.sas;0;0;424;424;0.017;data;sat;../keps14/problems/visitall/problem18.pddl.sas;0;0;424;424;0.191;data;wmax;../keps14/problems/visitall/problem18.pddl.sas;0;0;424;424;0.16
data;ae;../keps14/problems/visitall/problem20.pddl.sas;0;0;521;517;0.060;data;gae;../keps14/problems/visitall/problem20.pddl.sas;0;0;521;517;0.077;data;ptt;../problems/visitall/problem20.pddl;521;521;521;521;.19;data;max;../keps14/problems/visitall/problem20.pddl.sas;0;0;521;517;0.026;data;sat;../keps14/problems/visitall/problem20.pddl.sas;0;0;521;517;0.232;data;wmax;../keps14/problems/visitall/problem20.pddl.sas;0;0;521;517;0.21
data;ae;../keps14/problems/visitall/problem22.pddl.sas;0;0;703;691;0.057;data;gae;../keps14/problems/visitall/problem22.pddl.sas;0;0;703;691;0.132;data;ptt;../problems/visitall/problem22.pddl;703;703;703;703;.33;data;max;../keps14/problems/visitall/problem22.pddl.sas;0;0;703;691;0.059;data;sat;../keps14/problems/visitall/problem22.pddl.sas;0;0;703;691;0.364;data;wmax;../keps14/problems/visitall/problem22.pddl.sas;0;0;703;691;0.77
data;ae;../keps14/problems/visitall/problem24.pddl.sas;0;0;829;829;0.055;data;gae;../keps14/problems/visitall/problem24.pddl.sas;0;0;829;829;0.049;data;ptt;../problems/visitall/problem24.pddl;829;829;829;829;.45;data;max;../keps14/problems/visitall/problem24.pddl.sas;0;0;829;829;0.086;data;sat;../keps14/problems/visitall/problem24.pddl.sas;0;0;829;829;0.318;data;wmax;../keps14/problems/visitall/problem24.pddl.sas;0;0;829;829;1.07
data;ae;../keps14/problems/visitall/problem26.pddl.sas;0;0;872;864;0.062;data;gae;../keps14/problems/visitall/problem26.pddl.sas;0;0;872;864;0.117;data;ptt;../problems/visitall/problem26.pddl;872;872;872;872;.58;data;max;../keps14/problems/visitall/problem26.pddl.sas;0;0;872;864;0.071;data;sat;../keps14/problems/visitall/problem26.pddl.sas;0;0;872;864;0.364;data;wmax;../keps14/problems/visitall/problem26.pddl.sas;0;0;872;864;0.76
data;ae;../keps14/problems/visitall/problem28.pddl.sas;0;0;1055;1053;0.076;data;gae;../keps14/problems/visitall/problem28.pddl.sas;0;0;1055;1053;0.101;data;ptt;../problems/visitall/problem28.pddl;1055;1055;1055;1055;.79;data;max;../keps14/problems/visitall/problem28.pddl.sas;0;0;1055;1053;0.124;data;sat;../keps14/problems/visitall/problem28.pddl.sas;0;0;1055;1053;0.389;data;wmax;../keps14/problems/visitall/problem28.pddl.sas;0;0;1055;1053;1.39
data;ae;../keps14/problems/visitall/problem30.pddl.sas;0;0;1157;1153;0.080;data;gae;../keps14/problems/visitall/problem30.pddl.sas;0;0;1157;1153;0.155;data;ptt;../problems/visitall/problem30.pddl;1157;1157;1157;1157;.99;data;max;../keps14/problems/visitall/problem30.pddl.sas;0;0;1157;1153;0.135;data;sat;../keps14/problems/visitall/problem30.pddl.sas;0;0;1157;1153;0.481;data;wmax;../keps14/problems/visitall/problem30.pddl.sas;0;0;1157;1153;1.19
data;ae;../keps14/problems/visitall/problem32.pddl.sas;0;0;1431;1425;0.104;data;gae;../keps14/problems/visitall/problem32.pddl.sas;0;0;1431;1425;0.235;data;ptt;../problems/visitall/problem32.pddl;1431;1431;1431;1431;1.42;data;max;../keps14/problems/visitall/problem32.pddl.sas;0;0;1431;1425;0.279;data;sat;../keps14/problems/visitall/problem32.pddl.sas;0;0;1431;1425;0.629;data;wmax;../keps14/problems/visitall/problem32.pddl.sas;0;0;1431;1425;3.14
data;ae;../keps14/problems/visitall/problem34.pddl.sas;0;0;1556;1554;0.121;data;gae;../keps14/problems/visitall/problem34.pddl.sas;0;0;1556;1554;0.181;data;ptt;../problems/visitall/problem34.pddl;1556;1556;1556;1556;1.73;data;max;../keps14/problems/visitall/problem34.pddl.sas;0;0;1556;1554;0.264;data;sat;../keps14/problems/visitall/problem34.pddl.sas;0;0;1556;1554;0.545;data;wmax;../keps14/problems/visitall/problem34.pddl.sas;0;0;1556;1554;2.53
data;ae;../keps14/problems/visitall/problem36.pddl.sas;0;0;1772;1772;0.156;data;gae;../keps14/problems/visitall/problem36.pddl.sas;0;0;1772;1772;0.137;data;ptt;../problems/visitall/problem36.pddl;1772;1772;1772;1772;2.25;data;max;../keps14/problems/visitall/problem36.pddl.sas;0;0;1772;1772;0.411;data;sat;../keps14/problems/visitall/problem36.pddl.sas;0;0;1772;1772;0.595;data;wmax;../keps14/problems/visitall/problem36.pddl.sas;0;0;1772;1772;4.11
data;ae;../keps14/problems/visitall/problem38.pddl.sas;0;0;1915;1899;0.166;data;gae;../keps14/problems/visitall/problem38.pddl.sas;0;0;1915;1899;0.629;data;ptt;../problems/visitall/problem38.pddl;1915;1915;1915;1915;2.72;data;max;../keps14/problems/visitall/problem38.pddl.sas;0;0;1915;1899;0.457;data;sat;../keps14/problems/visitall/problem38.pddl.sas;0;0;1915;1899;0.957;data;wmax;../keps14/problems/visitall/problem38.pddl.sas;0;0;1915;1899;4.13
data;ae;../keps14/problems/visitall/problem40.pddl.sas;0;0;2087;2085;0.196;data;gae;../keps14/problems/visitall/problem40.pddl.sas;0;0;2087;2085;0.262;data;ptt;../problems/visitall/problem40.pddl;2087;2087;2087;2087;3.31;data;max;../keps14/problems/visitall/problem40.pddl.sas;0;0;2087;2085;0.476;data;sat;../keps14/problems/visitall/problem40.pddl.sas;0;0;2087;2085;0.741;data;wmax;../keps14/problems/visitall/problem40.pddl.sas;0;0;2087;2085;3.60
data;ae;../keps14/problems/visitall/problem42.pddl.sas;0;0;2284;2264;0.218;data;gae;../keps14/problems/visitall/problem42.pddl.sas;0;0;2284;2264;0.715;data;ptt;../problems/visitall/problem42.pddl;2284;2284;2284;2284;4.03;data;max;../keps14/problems/visitall/problem42.pddl.sas;0;0;2284;2264;0.7;data;sat;../keps14/problems/visitall/problem42.pddl.sas;0;0;2284;2264;1.140;data;wmax;../keps14/problems/visitall/problem42.pddl.sas;0;0;2284;2264;5.28
data;ae;../keps14/problems/visitall/problem44.pddl.sas;0;0;2508;2500;0.255;data;gae;../keps14/problems/visitall/problem44.pddl.sas;0;0;2508;2500;0.736;data;ptt;../problems/visitall/problem44.pddl;2508;2508;2508;2508;4.94;data;max;../keps14/problems/visitall/problem44.pddl.sas;0;0;2508;2500;0.973;data;sat;../keps14/problems/visitall/problem44.pddl.sas;0;0;2508;2500;1.361;data;wmax;../keps14/problems/visitall/problem44.pddl.sas;0;0;2508;2502;8.15
data;ae;../keps14/problems/visitall/problem46.pddl.sas;0;0;2565;2561;0.241;data;gae;../keps14/problems/visitall/problem46.pddl.sas;0;0;2565;2561;0.476;data;ptt;../problems/visitall/problem46.pddl;2565;2565;2565;2565;5.62;data;max;../keps14/problems/visitall/problem46.pddl.sas;0;0;2565;2561;0.719;data;sat;../keps14/problems/visitall/problem46.pddl.sas;0;0;2565;2561;1.046;data;wmax;../keps14/problems/visitall/problem46.pddl.sas;0;0;2565;2561;4.56
data;ae;../keps14/problems/visitall/problem48.pddl.sas;0;0;3113;3103;0.315;data;gae;../keps14/problems/visitall/problem48.pddl.sas;0;0;3113;3103;1.164;data;ptt;../problems/visitall/problem48.pddl;3113;3113;3113;3113;7.67;data;max;../keps14/problems/visitall/problem48.pddl.sas;0;0;3113;3103;1.782;data;sat;../keps14/problems/visitall/problem48.pddl.sas;0;0;3113;3103;2.128;data;wmax;../keps14/problems/visitall/problem48.pddl.sas;0;0;3113;3103;13.79
data;ae;../keps14/problems/visitall/problem50.pddl.sas;0;0;3162;3140;0.309;data;gae;../keps14/problems/visitall/problem50.pddl.sas;0;0;3162;3140;2.207;data;ptt;../problems/visitall/problem50.pddl;3162;3162;3162;3162;8.81;data;max;../keps14/problems/visitall/problem50.pddl.sas;0;0;3162;3140;1.196;data;sat;../keps14/problems/visitall/problem50.pddl.sas;0;0;3162;3140;2.104;data;wmax;../keps14/problems/visitall/problem50.pddl.sas;0;0;3162;3144;8.10
data;ae;../keps14/problems/woodworking/p01.pddl.sas;1595;1595;72;72;0.011;data;gae;../keps14/problems/woodworking/p01.pddl.sas;1595;1595;72;72;0.011;;data;max;../keps14/problems/woodworking/p01.pddl.sas;1595;1595;72;72;0.001;data;sat;../keps14/problems/woodworking/p01.pddl.sas;1595;1595;72;72;0.069;data;wmax;../keps14/problems/woodworking/p01.pddl.sas;1595;1595;72;72;0.01
data;ae;../keps14/problems/woodworking/p02.pddl.sas;1945;1730;83;73;0.013;data;gae;../keps14/problems/woodworking/p02.pddl.sas;1945;1730;83;73;0.031;;data;max;../keps14/problems/woodworking/p02.pddl.sas;1945;1730;83;73;0.003;data;sat;../keps14/problems/woodworking/p02.pddl.sas;1945;1730;83;73;0.083;data;wmax;../keps14/problems/woodworking/p02.pddl.sas;1945;1730;83;73;0.01
data;ae;../keps14/problems/woodworking/p03.pddl.sas;1500;1500;75;75;0.012;data;gae;../keps14/problems/woodworking/p03.pddl.sas;1500;1500;75;75;0.009;;data;max;../keps14/problems/woodworking/p03.pddl.sas;1500;1500;75;75;0.001;data;sat;../keps14/problems/woodworking/p03.pddl.sas;1500;1500;75;75;0.067;data;wmax;../keps14/problems/woodworking/p03.pddl.sas;1500;1500;75;75;0.00
data;ae;../keps14/problems/woodworking/p04.pddl.sas;1975;1850;93;88;0.015;data;gae;../keps14/problems/woodworking/p04.pddl.sas;1975;1850;93;88;0.030;;data;max;../keps14/problems/woodworking/p04.pddl.sas;1975;1830;93;87;0.001;data;sat;../keps14/problems/woodworking/p04.pddl.sas;1975;1850;93;88;0.084;data;wmax;../keps14/problems/woodworking/p04.pddl.sas;1975;1830;93;87;0.01
data;ae;../keps14/problems/woodworking/p05.pddl.sas;2125;2125;100;100;0.017;data;gae;../keps14/problems/woodworking/p05.pddl.sas;2125;2125;100;100;0.019;;data;max;../keps14/problems/woodworking/p05.pddl.sas;2125;2125;100;100;0.002;data;sat;../keps14/problems/woodworking/p05.pddl.sas;2125;2125;100;100;0.074;data;wmax;../keps14/problems/woodworking/p05.pddl.sas;2125;2125;100;100;0.01
data;ae;../keps14/problems/woodworking/p06.pddl.sas;1945;1945;98;98;0.017;data;gae;../keps14/problems/woodworking/p06.pddl.sas;1945;1945;98;98;0.017;;data;max;../keps14/problems/woodworking/p06.pddl.sas;1945;1945;98;98;0.001;data;sat;../keps14/problems/woodworking/p06.pddl.sas;1945;1945;98;98;0.077;data;wmax;../keps14/problems/woodworking/p06.pddl.sas;1945;1945;98;98;0.01
data;ae;../keps14/problems/woodworking/p07.pddl.sas;1915;1875;86;84;0.014;data;gae;../keps14/problems/woodworking/p07.pddl.sas;1915;1875;86;84;0.026;;data;max;../keps14/problems/woodworking/p07.pddl.sas;1915;1875;86;84;0.001;data;sat;../keps14/problems/woodworking/p07.pddl.sas;1915;1875;86;84;0.075;data;wmax;../keps14/problems/woodworking/p07.pddl.sas;1915;1875;86;84;0.01
data;ae;../keps14/problems/woodworking/p08.pddl.sas;1780;1720;91;88;0.015;data;gae;../keps14/problems/woodworking/p08.pddl.sas;1780;1720;91;88;0.026;;data;max;../keps14/problems/woodworking/p08.pddl.sas;1780;1705;91;87;0.002;data;sat;../keps14/problems/woodworking/p08.pddl.sas;1780;1720;91;88;0.081;data;wmax;../keps14/problems/woodworking/p08.pddl.sas;1780;1705;91;87;0.01
data;ae;../keps14/problems/woodworking/p09.pddl.sas;1290;1290;60;60;0.007;data;gae;../keps14/problems/woodworking/p09.pddl.sas;1290;1290;60;60;0.007;;data;max;../keps14/problems/woodworking/p09.pddl.sas;1290;1290;60;60;0.001;data;sat;../keps14/problems/woodworking/p09.pddl.sas;1290;1290;60;60;0.065;data;wmax;../keps14/problems/woodworking/p09.pddl.sas;1290;1290;60;60;0.01
data;ae;../keps14/problems/woodworking/p10.pddl.sas;55;55;5;5;0.000;data;gae;../keps14/problems/woodworking/p10.pddl.sas;55;55;5;5;0.000;;data;max;../keps14/problems/woodworking/p10.pddl.sas;55;55;5;5;0;data;sat;../keps14/problems/woodworking/p10.pddl.sas;55;55;5;5;0.032;data;wmax;../keps14/problems/woodworking/p10.pddl.sas;55;55;5;5;0.00
data;ae;../keps14/problems/woodworking/p11.pddl.sas;1910;1910;90;90;0.014;data;gae;../keps14/problems/woodworking/p11.pddl.sas;1910;1910;90;90;0.012;;data;max;../keps14/problems/woodworking/p11.pddl.sas;1910;1910;90;90;0.002;data;sat;../keps14/problems/woodworking/p11.pddl.sas;1910;1910;90;90;0.076;data;wmax;../keps14/problems/woodworking/p11.pddl.sas;1910;1910;90;90;0.01
data;ae;../keps14/problems/woodworking/p12.pddl.sas;2195;2165;102;100;0.019;data;gae;../keps14/problems/woodworking/p12.pddl.sas;2195;2165;102;100;0.026;;data;max;../keps14/problems/woodworking/p12.pddl.sas;2195;2165;102;100;0.001;data;sat;../keps14/problems/woodworking/p12.pddl.sas;2195;2165;102;100;0.078;data;wmax;../keps14/problems/woodworking/p12.pddl.sas;2195;2165;102;100;0.01
data;ae;../keps14/problems/woodworking/p13.pddl.sas;2150;2150;104;104;0.021;data;gae;../keps14/problems/woodworking/p13.pddl.sas;2150;2150;104;104;0.018;;data;max;../keps14/problems/woodworking/p13.pddl.sas;2150;2150;104;104;0.002;data;sat;../keps14/problems/woodworking/p13.pddl.sas;2150;2150;104;104;0.077;data;wmax;../keps14/problems/woodworking/p13.pddl.sas;2150;2150;104;104;0.01
data;ae;../keps14/problems/woodworking/p14.pddl.sas;1480;1480;75;75;0.011;data;gae;../keps14/problems/woodworking/p14.pddl.sas;1480;1480;75;75;0.011;;data;max;../keps14/problems/woodworking/p14.pddl.sas;1480;1480;75;75;0.001;data;sat;../keps14/problems/woodworking/p14.pddl.sas;1480;1480;75;75;0.065;data;wmax;../keps14/problems/woodworking/p14.pddl.sas;1480;1480;75;75;0.00
data;ae;../keps14/problems/woodworking/p15.pddl.sas;2745;2745;128;128;0.027;data;gae;../keps14/problems/woodworking/p15.pddl.sas;2745;2745;128;128;0.025;;data;max;../keps14/problems/woodworking/p15.pddl.sas;2745;2745;128;128;0.002;data;sat;../keps14/problems/woodworking/p15.pddl.sas;2745;2745;128;128;0.082;data;wmax;../keps14/problems/woodworking/p15.pddl.sas;2745;2745;128;128;0.01
data;ae;../keps14/problems/woodworking/p16.pddl.sas;1955;1955;93;93;0.018;data;gae;../keps14/problems/woodworking/p16.pddl.sas;1955;1955;93;93;0.018;;data;max;../keps14/problems/woodworking/p16.pddl.sas;1955;1955;93;93;0.002;data;sat;../keps14/problems/woodworking/p16.pddl.sas;1955;1955;93;93;0.074;data;wmax;../keps14/problems/woodworking/p16.pddl.sas;1955;1955;93;93;0.01
data;ae;../keps14/problems/woodworking/p17.pddl.sas;990;990;45;45;0.004;data;gae;../keps14/problems/woodworking/p17.pddl.sas;990;990;45;45;0.004;;data;max;../keps14/problems/woodworking/p17.pddl.sas;990;990;45;45;0.001;data;sat;../keps14/problems/woodworking/p17.pddl.sas;990;990;45;45;0.051;data;wmax;../keps14/problems/woodworking/p17.pddl.sas;990;990;45;45;0.00
data;ae;../keps14/problems/woodworking/p18.pddl.sas;1470;1470;69;69;0.009;data;gae;../keps14/problems/woodworking/p18.pddl.sas;1470;1470;69;69;0.011;;data;max;../keps14/problems/woodworking/p18.pddl.sas;1470;1470;69;69;0.001;data;sat;../keps14/problems/woodworking/p18.pddl.sas;1470;1470;69;69;0.062;data;wmax;../keps14/problems/woodworking/p18.pddl.sas;1470;1470;69;69;0.01
data;ae;../keps14/problems/woodworking/p19.pddl.sas;1305;1305;60;60;0.007;data;gae;../keps14/problems/woodworking/p19.pddl.sas;1305;1305;60;60;0.006;;data;max;../keps14/problems/woodworking/p19.pddl.sas;1305;1305;60;60;0.002;data;sat;../keps14/problems/woodworking/p19.pddl.sas;1305;1305;60;60;0.058;data;wmax;../keps14/problems/woodworking/p19.pddl.sas;1305;1305;60;60;0.01
data;ae;../keps14/problems/woodworking/p20.pddl.sas;1755;1640;76;71;0.010;data;gae;../keps14/problems/woodworking/p20.pddl.sas;1755;1640;76;71;0.037;;data;max;../keps14/problems/woodworking/p20.pddl.sas;1755;1620;76;70;0.001;data;sat;../keps14/problems/woodworking/p20.pddl.sas;1755;1640;76;71;0.081;data;wmax;../keps14/problems/woodworking/p20.pddl.sas;1755;1620;76;70;0.01
