data;ae;../keps14/problems/elevators/p01.pddl.sas;265;265;68;68;0.009;data;gae;../keps14/problems/elevators/p01.pddl.sas;265;265;68;68;0.006;data;ptt;../problems/elevators/p01.pddl;265;265;68;68;0;data;max;../keps14/problems/elevators/p01.pddl.sas;265;265;68;68;0.001;data;sat;../keps14/problems/elevators/p01.pddl.sas;265;265;68;68;0.054;data;wmax;../keps14/problems/elevators/p01.pddl.sas;265;265;68;68;0.01
data;ae;../keps14/problems/elevators/p02.pddl.sas;599;599;121;121;0.017;data;gae;../keps14/problems/elevators/p02.pddl.sas;599;599;121;121;0.017;data;ptt;../problems/elevators/p02.pddl;599;599;121;121;.01;data;max;../keps14/problems/elevators/p02.pddl.sas;599;599;121;121;0.003;data;sat;../keps14/problems/elevators/p02.pddl.sas;599;599;121;121;0.083;data;wmax;../keps14/problems/elevators/p02.pddl.sas;599;599;121;121;0.02
data;ae;../keps14/problems/elevators/p03.pddl.sas;678;678;136;136;0.020;data;gae;../keps14/problems/elevators/p03.pddl.sas;678;678;136;136;0.020;data;ptt;../problems/elevators/p03.pddl;678;678;136;136;.02;data;max;../keps14/problems/elevators/p03.pddl.sas;678;678;136;136;0.004;data;sat;../keps14/problems/elevators/p03.pddl.sas;678;678;136;136;0.094;data;wmax;../keps14/problems/elevators/p03.pddl.sas;678;678;136;136;0.03
data;ae;../keps14/problems/elevators/p04.pddl.sas;535;461;104;102;0.014;data;gae;../keps14/problems/elevators/p04.pddl.sas;535;461;104;102;0.019;data;ptt;../problems/elevators/p04.pddl;535;461;104;102;.01;data;max;../keps14/problems/elevators/p04.pddl.sas;535;461;104;102;0.003;data;sat;../keps14/problems/elevators/p04.pddl.sas;535;461;104;102;0.085;data;wmax;../keps14/problems/elevators/p04.pddl.sas;535;461;104;102;0.03
data;ae;../keps14/problems/elevators/p05.pddl.sas;287;287;98;98;0.012;data;gae;../keps14/problems/elevators/p05.pddl.sas;287;287;98;98;0.012;data;ptt;../problems/elevators/p05.pddl;287;287;98;98;.01;data;max;../keps14/problems/elevators/p05.pddl.sas;287;287;98;98;0.002;data;sat;../keps14/problems/elevators/p05.pddl.sas;287;287;98;98;0.094;data;wmax;../keps14/problems/elevators/p05.pddl.sas;287;287;98;98;0.03
data;ae;../keps14/problems/elevators/p06.pddl.sas;729;729;163;163;0.023;data;gae;../keps14/problems/elevators/p06.pddl.sas;729;729;163;163;0.024;data;ptt;../problems/elevators/p06.pddl;729;729;163;163;.02;data;max;../keps14/problems/elevators/p06.pddl.sas;729;729;163;163;0.008;data;sat;../keps14/problems/elevators/p06.pddl.sas;729;729;163;163;0.142;data;wmax;../keps14/problems/elevators/p06.pddl.sas;729;729;163;163;0.05
data;ae;../keps14/problems/elevators/p07.pddl.sas;656;656;140;140;0.022;data;gae;../keps14/problems/elevators/p07.pddl.sas;656;656;140;140;0.022;data;ptt;../problems/elevators/p07.pddl;656;656;140;140;.02;data;max;../keps14/problems/elevators/p07.pddl.sas;656;656;140;140;0.004;data;sat;../keps14/problems/elevators/p07.pddl.sas;656;656;140;140;0.094;data;wmax;../keps14/problems/elevators/p07.pddl.sas;656;656;140;140;0.03
data;ae;../keps14/problems/elevators/p08.pddl.sas;741;741;178;178;0.030;data;gae;../keps14/problems/elevators/p08.pddl.sas;741;741;178;178;0.028;data;ptt;../problems/elevators/p08.pddl;741;741;178;178;.02;data;max;../keps14/problems/elevators/p08.pddl.sas;741;741;178;178;0.003;data;sat;../keps14/problems/elevators/p08.pddl.sas;741;741;178;178;0.127;data;wmax;../keps14/problems/elevators/p08.pddl.sas;741;741;178;178;0.05
data;ae;../keps14/problems/elevators/p09.pddl.sas;1002;928;194;192;0.026;data;gae;../keps14/problems/elevators/p09.pddl.sas;1002;928;194;192;0.031;data;ptt;../problems/elevators/p09.pddl;1002;928;194;192;.04;data;max;../keps14/problems/elevators/p09.pddl.sas;1002;928;194;192;0.007;data;sat;../keps14/problems/elevators/p09.pddl.sas;1002;928;194;192;0.139;data;wmax;../keps14/problems/elevators/p09.pddl.sas;1002;928;194;192;0.06
data;ae;../keps14/problems/elevators/p10.pddl.sas;1007;924;202;199;0.053;data;gae;../keps14/problems/elevators/p10.pddl.sas;1007;924;202;199;0.059;data;ptt;../problems/elevators/p10.pddl;1007;924;202;199;.05;data;max;../keps14/problems/elevators/p10.pddl.sas;1007;924;202;199;0.008;data;sat;../keps14/problems/elevators/p10.pddl.sas;1007;924;202;199;0.185;data;wmax;../keps14/problems/elevators/p10.pddl.sas;1007;924;202;199;0.07
data;ae;../keps14/problems/elevators/p11.pddl.sas;1376;1160;243;234;0.055;data;gae;../keps14/problems/elevators/p11.pddl.sas;1376;1160;243;234;0.072;data;ptt;../problems/elevators/p11.pddl;1376;1160;243;234;.06;data;max;../keps14/problems/elevators/p11.pddl.sas;1376;1160;243;234;0.008;data;sat;../keps14/problems/elevators/p11.pddl.sas;1376;1160;243;234;0.170;data;wmax;../keps14/problems/elevators/p11.pddl.sas;1376;1160;243;234;0.06
data;ae;../keps14/problems/elevators/p12.pddl.sas;1006;992;247;245;0.051;data;gae;../keps14/problems/elevators/p12.pddl.sas;1006;992;247;245;0.032;data;ptt;../problems/elevators/p12.pddl;1006;992;247;245;.06;data;max;../keps14/problems/elevators/p12.pddl.sas;1006;992;247;245;0.009;data;sat;../keps14/problems/elevators/p12.pddl.sas;1006;992;247;245;0.144;data;wmax;../keps14/problems/elevators/p12.pddl.sas;1006;992;247;245;0.07
data;ae;../keps14/problems/elevators/p13.pddl.sas;1398;1305;254;251;0.042;data;gae;../keps14/problems/elevators/p13.pddl.sas;1398;1305;254;251;0.058;data;ptt;../problems/elevators/p13.pddl;1398;1305;254;251;.07;data;max;../keps14/problems/elevators/p13.pddl.sas;1398;1305;254;251;0.013;data;sat;../keps14/problems/elevators/p13.pddl.sas;1398;1305;254;251;0.166;data;wmax;../keps14/problems/elevators/p13.pddl.sas;1398;1305;254;251;0.13
data;ae;../keps14/problems/elevators/p14.pddl.sas;1875;1456;273;260;0.034;data;gae;../keps14/problems/elevators/p14.pddl.sas;1875;1456;273;260;0.052;data;ptt;../problems/elevators/p14.pddl;1875;1456;273;260;.07;data;max;../keps14/problems/elevators/p14.pddl.sas;1875;1456;273;260;0.012;data;sat;../keps14/problems/elevators/p14.pddl.sas;1875;1456;273;260;0.239;data;wmax;../keps14/problems/elevators/p14.pddl.sas;1875;1456;273;260;0.10
data;ae;../keps14/problems/elevators/p15.pddl.sas;1089;1051;265;263;0.053;data;gae;../keps14/problems/elevators/p15.pddl.sas;1089;1051;265;263;0.053;data;ptt;../problems/elevators/p15.pddl;1089;1051;265;263;.07;data;max;../keps14/problems/elevators/p15.pddl.sas;1089;1051;265;263;0.012;data;sat;../keps14/problems/elevators/p15.pddl.sas;1089;1051;265;263;0.182;data;wmax;../keps14/problems/elevators/p15.pddl.sas;1089;1051;265;263;0.15
data;ae;../keps14/problems/elevators/p16.pddl.sas;1406;1406;239;239;0.029;data;gae;../keps14/problems/elevators/p16.pddl.sas;1406;1406;239;239;0.029;data;ptt;../problems/elevators/p16.pddl;1406;1406;239;239;.07;data;max;../keps14/problems/elevators/p16.pddl.sas;1406;1406;239;239;0.004;data;sat;../keps14/problems/elevators/p16.pddl.sas;1406;1406;239;239;0.131;data;wmax;../keps14/problems/elevators/p16.pddl.sas;1406;1406;239;239;0.08
data;ae;../keps14/problems/elevators/p17.pddl.sas;2589;2169;307;297;0.054;data;gae;../keps14/problems/elevators/p17.pddl.sas;2589;2169;307;297;0.050;data;ptt;../problems/elevators/p17.pddl;2589;2169;307;297;.16;data;max;../keps14/problems/elevators/p17.pddl.sas;2589;2169;307;297;0.018;data;sat;../keps14/problems/elevators/p17.pddl.sas;2589;2169;307;297;0.247;data;wmax;../keps14/problems/elevators/p17.pddl.sas;2589;2169;307;297;0.14
data;ae;../keps14/problems/elevators/p18.pddl.sas;2832;2189;334;317;0.050;data;gae;../keps14/problems/elevators/p18.pddl.sas;2832;2189;334;317;0.089;data;ptt;../problems/elevators/p18.pddl;2832;2189;334;317;.18;data;max;../keps14/problems/elevators/p18.pddl.sas;2832;2189;334;317;0.016;data;sat;../keps14/problems/elevators/p18.pddl.sas;2832;2189;334;317;0.307;data;wmax;../keps14/problems/elevators/p18.pddl.sas;2832;2189;334;317;0.19
data;ae;../keps14/problems/elevators/p19.pddl.sas;3737;3152;367;354;0.049;data;gae;../keps14/problems/elevators/p19.pddl.sas;3737;3152;367;354;0.073;data;ptt;../problems/elevators/p19.pddl;3737;3152;367;354;.20;data;max;../keps14/problems/elevators/p19.pddl.sas;3737;3152;367;354;0.019;data;sat;../keps14/problems/elevators/p19.pddl.sas;3737;3152;367;354;0.330;data;wmax;../keps14/problems/elevators/p19.pddl.sas;3737;3152;367;354;0.27
data;ae;../keps14/problems/elevators/p20.pddl.sas;1811;1628;340;337;0.060;data;gae;../keps14/problems/elevators/p20.pddl.sas;1811;1628;340;337;0.036;data;ptt;../problems/elevators/p20.pddl;1811;1628;340;337;.20;data;max;../keps14/problems/elevators/p20.pddl.sas;1811;1628;340;337;0.019;data;sat;../keps14/problems/elevators/p20.pddl.sas;1811;1628;340;337;0.255;data;wmax;../keps14/problems/elevators/p20.pddl.sas;1811;1628;340;337;0.20
data;ae;../keps14/problems/floortile/seq-p01-001.pddl.sas;100;83;40;35;0.006;data;gae;../keps14/problems/floortile/seq-p01-001.pddl.sas;100;83;40;35;0.011;data;ptt;../problems/floortile/seq-p01-001.pddl;100;83;40;35;0;data;max;../keps14/problems/floortile/seq-p01-001.pddl.sas;100;83;40;35;0.001;data;sat;../keps14/problems/floortile/seq-p01-001.pddl.sas;100;83;40;35;0.051;data;wmax;../keps14/problems/floortile/seq-p01-001.pddl.sas;100;83;40;35;0.00
data;ae;../keps14/problems/floortile/seq-p01-002.pddl.sas;95;82;41;36;0.006;data;gae;../keps14/problems/floortile/seq-p01-002.pddl.sas;95;82;41;36;0.012;data;ptt;../problems/floortile/seq-p01-002.pddl;95;83;41;37;0;data;max;../keps14/problems/floortile/seq-p01-002.pddl.sas;95;82;41;36;0.001;data;sat;../keps14/problems/floortile/seq-p01-002.pddl.sas;95;82;41;36;0.050;data;wmax;../keps14/problems/floortile/seq-p01-002.pddl.sas;95;82;41;36;0.00
data;ae;../keps14/problems/nomystery/p01.pddl.sas;18;18;18;18;0.001;data;gae;../keps14/problems/nomystery/p01.pddl.sas;18;18;18;18;0.001;data;ptt;../problems/nomystery/p01.pddl;18;18;18;18;.02;data;max;../keps14/problems/nomystery/p01.pddl.sas;18;18;18;18;0;data;sat;../keps14/problems/nomystery/p01.pddl.sas;18;18;18;18;0.034;data;wmax;../keps14/problems/nomystery/p01.pddl.sas;18;18;18;18;0.00
data;ae;../keps14/problems/nomystery/p02.pddl.sas;22;22;22;22;0.001;data;gae;../keps14/problems/nomystery/p02.pddl.sas;22;22;22;22;0.001;data;ptt;../problems/nomystery/p02.pddl;22;22;22;22;.03;data;max;../keps14/problems/nomystery/p02.pddl.sas;22;22;22;22;0;data;sat;../keps14/problems/nomystery/p02.pddl.sas;22;22;22;22;0.038;data;wmax;../keps14/problems/nomystery/p02.pddl.sas;22;22;22;22;0.00
data;ae;../keps14/problems/nomystery/p11.pddl.sas;18;18;18;18;0.001;data;gae;../keps14/problems/nomystery/p11.pddl.sas;18;18;18;18;0.001;data;ptt;../problems/nomystery/p11.pddl;18;18;18;18;.01;data;max;../keps14/problems/nomystery/p11.pddl.sas;18;18;18;18;0;data;sat;../keps14/problems/nomystery/p11.pddl.sas;18;18;18;18;0.034;data;wmax;../keps14/problems/nomystery/p11.pddl.sas;18;18;18;18;0.00
data;ae;../keps14/problems/nomystery/p12.pddl.sas;21;21;21;21;0.003;data;gae;../keps14/problems/nomystery/p12.pddl.sas;21;21;21;21;0.001;data;ptt;../problems/nomystery/p12.pddl;21;21;21;21;.02;data;max;../keps14/problems/nomystery/p12.pddl.sas;21;21;21;21;0;data;sat;../keps14/problems/nomystery/p12.pddl.sas;21;21;21;21;0.034;data;wmax;../keps14/problems/nomystery/p12.pddl.sas;21;21;21;21;0.00
data;ae;../keps14/problems/nomystery/p13.pddl.sas;28;28;28;28;0.002;data;gae;../keps14/problems/nomystery/p13.pddl.sas;28;28;28;28;0.002;data;ptt;../problems/nomystery/p13.pddl;28;28;28;28;.09;data;max;../keps14/problems/nomystery/p13.pddl.sas;28;28;28;28;0;data;sat;../keps14/problems/nomystery/p13.pddl.sas;28;28;28;28;0.036;data;wmax;../keps14/problems/nomystery/p13.pddl.sas;28;28;28;28;0.00
data;ae;../keps14/problems/parking/pfile08-031.pddl.sas;63;59;63;59;0.003;data;gae;../keps14/problems/parking/pfile08-031.pddl.sas;63;59;63;59;0.011;data;ptt;../problems/parking/pfile08-031.pddl;63;59;63;59;.01;data;max;../keps14/problems/parking/pfile08-031.pddl.sas;63;59;63;59;0.002;data;sat;../keps14/problems/parking/pfile08-031.pddl.sas;63;59;63;59;0.070;data;wmax;../keps14/problems/parking/pfile08-031.pddl.sas;63;59;63;59;0.01
data;ae;../keps14/problems/parking/pfile08-032.pddl.sas;62;54;62;54;0.003;data;gae;../keps14/problems/parking/pfile08-032.pddl.sas;62;54;62;54;0.015;data;ptt;../problems/parking/pfile08-032.pddl;62;54;62;54;0;data;max;../keps14/problems/parking/pfile08-032.pddl.sas;62;54;62;54;0.002;data;sat;../keps14/problems/parking/pfile08-032.pddl.sas;62;54;62;54;0.075;data;wmax;../keps14/problems/parking/pfile08-032.pddl.sas;62;54;62;54;0.01
data;ae;../keps14/problems/parking/pfile09-033.pddl.sas;81;77;81;77;0.005;data;gae;../keps14/problems/parking/pfile09-033.pddl.sas;81;77;81;77;0.015;data;ptt;../problems/parking/pfile09-033.pddl;81;77;81;77;.01;data;max;../keps14/problems/parking/pfile09-033.pddl.sas;81;77;81;77;0.003;data;sat;../keps14/problems/parking/pfile09-033.pddl.sas;81;77;81;77;0.117;data;wmax;../keps14/problems/parking/pfile09-033.pddl.sas;81;77;81;77;0.01
data;ae;../keps14/problems/parking/pfile09-034.pddl.sas;98;88;98;88;0.006;data;gae;../keps14/problems/parking/pfile09-034.pddl.sas;98;88;98;88;0.031;data;ptt;../problems/parking/pfile09-034.pddl;98;88;98;88;.01;data;max;../keps14/problems/parking/pfile09-034.pddl.sas;98;88;98;88;0.003;data;sat;../keps14/problems/parking/pfile09-034.pddl.sas;98;88;98;88;0.130;data;wmax;../keps14/problems/parking/pfile09-034.pddl.sas;98;88;98;88;0.02
data;ae;../keps14/problems/parking/pfile09-035.pddl.sas;65;58;65;58;0.003;data;gae;../keps14/problems/parking/pfile09-035.pddl.sas;65;58;65;58;0.012;data;ptt;../problems/parking/pfile09-035.pddl;65;61;65;61;.01;data;max;../keps14/problems/parking/pfile09-035.pddl.sas;65;58;65;58;0.004;data;sat;../keps14/problems/parking/pfile09-035.pddl.sas;65;58;65;58;0.089;data;wmax;../keps14/problems/parking/pfile09-035.pddl.sas;65;58;65;58;0.01
data;ae;../keps14/problems/parking/pfile09-036.pddl.sas;77;75;77;75;0.004;data;gae;../keps14/problems/parking/pfile09-036.pddl.sas;77;75;77;75;0.009;data;ptt;../problems/parking/pfile09-036.pddl;77;75;77;75;.01;data;max;../keps14/problems/parking/pfile09-036.pddl.sas;77;75;77;75;0.001;data;sat;../keps14/problems/parking/pfile09-036.pddl.sas;77;75;77;75;0.086;data;wmax;../keps14/problems/parking/pfile09-036.pddl.sas;77;75;77;75;0.01
data;ae;../keps14/problems/parking/pfile10-038.pddl.sas;96;84;96;84;0.006;data;gae;../keps14/problems/parking/pfile10-038.pddl.sas;96;84;96;84;0.019;data;ptt;../problems/parking/pfile10-038.pddl;96;84;96;84;.01;data;max;../keps14/problems/parking/pfile10-038.pddl.sas;96;84;96;84;0.001;data;sat;../keps14/problems/parking/pfile10-038.pddl.sas;96;84;96;84;0.116;data;wmax;../keps14/problems/parking/pfile10-038.pddl.sas;96;84;96;84;0.02
data;ae;../keps14/problems/parking/pfile10-039.pddl.sas;67;65;67;65;0.003;data;gae;../keps14/problems/parking/pfile10-039.pddl.sas;67;65;67;65;0.006;data;ptt;../problems/parking/pfile10-039.pddl;67;65;67;65;.01;data;max;../keps14/problems/parking/pfile10-039.pddl.sas;67;65;67;65;0.001;data;sat;../keps14/problems/parking/pfile10-039.pddl.sas;67;65;67;65;0.062;data;wmax;../keps14/problems/parking/pfile10-039.pddl.sas;67;65;67;65;0.01
data;ae;../keps14/problems/parking/pfile10-040.pddl.sas;77;71;77;71;0.004;data;gae;../keps14/problems/parking/pfile10-040.pddl.sas;77;71;77;71;0.015;data;ptt;../problems/parking/pfile10-040.pddl;77;71;77;71;.01;data;max;../keps14/problems/parking/pfile10-040.pddl.sas;77;71;77;71;0.001;data;sat;../keps14/problems/parking/pfile10-040.pddl.sas;77;71;77;71;0.076;data;wmax;../keps14/problems/parking/pfile10-040.pddl.sas;77;71;77;71;0.01
data;ae;../keps14/problems/parking/pfile11-041.pddl.sas;106;98;106;98;0.007;data;gae;../keps14/problems/parking/pfile11-041.pddl.sas;106;98;106;98;0.019;data;ptt;../problems/parking/pfile11-041.pddl;106;98;106;98;.01;data;max;../keps14/problems/parking/pfile11-041.pddl.sas;106;98;106;98;0.002;data;sat;../keps14/problems/parking/pfile11-041.pddl.sas;106;98;106;98;0.101;data;wmax;../keps14/problems/parking/pfile11-041.pddl.sas;106;98;106;98;0.02
data;ae;../keps14/problems/parking/pfile11-042.pddl.sas;107;101;107;101;0.011;data;gae;../keps14/problems/parking/pfile11-042.pddl.sas;107;101;107;101;0.018;data;ptt;../problems/parking/pfile11-042.pddl;107;101;107;101;.02;data;max;../keps14/problems/parking/pfile11-042.pddl.sas;107;101;107;101;0.002;data;sat;../keps14/problems/parking/pfile11-042.pddl.sas;107;101;107;101;0.097;data;wmax;../keps14/problems/parking/pfile11-042.pddl.sas;107;101;107;101;0.02
data;ae;../keps14/problems/parking/pfile11-043.pddl.sas;95;87;95;87;0.006;data;gae;../keps14/problems/parking/pfile11-043.pddl.sas;95;87;95;87;0.018;data;ptt;../problems/parking/pfile11-043.pddl;95;87;95;87;.01;data;max;../keps14/problems/parking/pfile11-043.pddl.sas;95;87;95;87;0.002;data;sat;../keps14/problems/parking/pfile11-043.pddl.sas;95;87;95;87;0.091;data;wmax;../keps14/problems/parking/pfile11-043.pddl.sas;95;87;95;87;0.02
data;ae;../keps14/problems/parking/pfile11-044.pddl.sas;83;77;83;77;0.005;data;gae;../keps14/problems/parking/pfile11-044.pddl.sas;83;77;83;77;0.016;data;ptt;../problems/parking/pfile11-044.pddl;83;77;83;77;.01;data;max;../keps14/problems/parking/pfile11-044.pddl.sas;83;77;83;77;0.001;data;sat;../keps14/problems/parking/pfile11-044.pddl.sas;83;77;83;77;0.077;data;wmax;../keps14/problems/parking/pfile11-044.pddl.sas;83;77;83;77;0.01
data;ae;../keps14/problems/parking/pfile12-045.pddl.sas;98;82;98;82;0.007;data;gae;../keps14/problems/parking/pfile12-045.pddl.sas;98;82;98;82;0.026;data;ptt;../problems/parking/pfile12-045.pddl;98;82;98;82;.01;data;max;../keps14/problems/parking/pfile12-045.pddl.sas;98;82;98;82;0.004;data;sat;../keps14/problems/parking/pfile12-045.pddl.sas;98;82;98;82;0.116;data;wmax;../keps14/problems/parking/pfile12-045.pddl.sas;98;82;98;82;0.02
data;ae;../keps14/problems/parking/pfile12-046.pddl.sas;76;70;76;70;0.004;data;gae;../keps14/problems/parking/pfile12-046.pddl.sas;76;70;76;70;0.015;data;ptt;../problems/parking/pfile12-046.pddl;76;70;76;70;.01;data;max;../keps14/problems/parking/pfile12-046.pddl.sas;76;70;76;70;0.001;data;sat;../keps14/problems/parking/pfile12-046.pddl.sas;76;70;76;70;0.072;data;wmax;../keps14/problems/parking/pfile12-046.pddl.sas;76;70;76;70;0.01
data;ae;../keps14/problems/parking/pfile12-047.pddl.sas;105;98;105;98;0.007;data;gae;../keps14/problems/parking/pfile12-047.pddl.sas;105;98;105;98;0.018;data;ptt;../problems/parking/pfile12-047.pddl;105;101;105;101;.01;data;max;../keps14/problems/parking/pfile12-047.pddl.sas;105;98;105;98;0.001;data;sat;../keps14/problems/parking/pfile12-047.pddl.sas;105;98;105;98;0.093;data;wmax;../keps14/problems/parking/pfile12-047.pddl.sas;105;98;105;98;0.02
data;ae;../keps14/problems/parking/pfile12-048.pddl.sas;83;79;83;79;0.005;data;gae;../keps14/problems/parking/pfile12-048.pddl.sas;83;79;83;79;0.017;data;ptt;../problems/parking/pfile12-048.pddl;83;79;83;79;.01;data;max;../keps14/problems/parking/pfile12-048.pddl.sas;83;79;83;79;0.001;data;sat;../keps14/problems/parking/pfile12-048.pddl.sas;83;79;83;79;0.070;data;wmax;../keps14/problems/parking/pfile12-048.pddl.sas;83;79;83;79;0.01
data;ae;../keps14/problems/parking/pfile13-049.pddl.sas;107;99;107;99;0.010;data;gae;../keps14/problems/parking/pfile13-049.pddl.sas;107;99;107;99;0.019;data;ptt;../problems/parking/pfile13-049.pddl;107;99;107;99;.02;data;max;../keps14/problems/parking/pfile13-049.pddl.sas;107;99;107;99;0.002;data;sat;../keps14/problems/parking/pfile13-049.pddl.sas;107;99;107;99;0.100;data;wmax;../keps14/problems/parking/pfile13-049.pddl.sas;107;99;107;99;0.02
data;ae;../keps14/problems/pegsol/p01.pddl.sas;13;13;27;27;0.002;data;gae;../keps14/problems/pegsol/p01.pddl.sas;13;13;27;27;0.002;data;ptt;../problems/pegsol/p01.pddl;13;13;27;27;0;data;max;../keps14/problems/pegsol/p01.pddl.sas;13;13;27;27;0.002;data;sat;../keps14/problems/pegsol/p01.pddl.sas;13;13;27;27;0.053;data;wmax;../keps14/problems/pegsol/p01.pddl.sas;13;13;27;27;0.01
data;ae;../keps14/problems/pegsol/p02.pddl.sas;13;13;27;27;0.002;data;gae;../keps14/problems/pegsol/p02.pddl.sas;13;13;27;27;0.002;data;ptt;../problems/pegsol/p02.pddl;13;13;27;27;0;data;max;../keps14/problems/pegsol/p02.pddl.sas;13;13;27;27;0;data;sat;../keps14/problems/pegsol/p02.pddl.sas;13;13;27;27;0.054;data;wmax;../keps14/problems/pegsol/p02.pddl.sas;13;13;27;27;0.01
data;ae;../keps14/problems/pegsol/p03.pddl.sas;12;12;26;26;0.002;data;gae;../keps14/problems/pegsol/p03.pddl.sas;12;12;26;26;0.002;data;ptt;../problems/pegsol/p03.pddl;12;12;26;26;0;data;max;../keps14/problems/pegsol/p03.pddl.sas;12;12;26;26;0.001;data;sat;../keps14/problems/pegsol/p03.pddl.sas;12;12;26;26;0.050;data;wmax;../keps14/problems/pegsol/p03.pddl.sas;12;12;26;26;0.01
data;ae;../keps14/problems/pegsol/p04.pddl.sas;13;13;27;27;0.002;data;gae;../keps14/problems/pegsol/p04.pddl.sas;13;13;27;27;0.002;data;ptt;../problems/pegsol/p04.pddl;13;13;27;27;0;data;max;../keps14/problems/pegsol/p04.pddl.sas;13;13;27;27;0.001;data;sat;../keps14/problems/pegsol/p04.pddl.sas;13;13;27;27;0.051;data;wmax;../keps14/problems/pegsol/p04.pddl.sas;13;13;27;27;0.01
data;ae;../keps14/problems/pegsol/p05.pddl.sas;13;13;27;27;0.002;data;gae;../keps14/problems/pegsol/p05.pddl.sas;13;13;27;27;0.002;data;ptt;../problems/pegsol/p05.pddl;13;13;27;27;0;data;max;../keps14/problems/pegsol/p05.pddl.sas;13;13;27;27;0.001;data;sat;../keps14/problems/pegsol/p05.pddl.sas;13;13;27;27;0.052;data;wmax;../keps14/problems/pegsol/p05.pddl.sas;13;13;27;27;0.01
data;ae;../keps14/problems/pegsol/p06.pddl.sas;13;13;27;27;0.002;data;gae;../keps14/problems/pegsol/p06.pddl.sas;13;13;27;27;0.002;data;ptt;../problems/pegsol/p06.pddl;13;13;27;27;0;data;max;../keps14/problems/pegsol/p06.pddl.sas;13;13;27;27;0;data;sat;../keps14/problems/pegsol/p06.pddl.sas;13;13;27;27;0.051;data;wmax;../keps14/problems/pegsol/p06.pddl.sas;13;13;27;27;0.01
data;ae;../keps14/problems/pegsol/p07.pddl.sas;12;12;27;27;0.002;data;gae;../keps14/problems/pegsol/p07.pddl.sas;12;12;27;27;0.002;data;ptt;../problems/pegsol/p07.pddl;12;12;27;27;0;data;max;../keps14/problems/pegsol/p07.pddl.sas;12;12;27;27;0;data;sat;../keps14/problems/pegsol/p07.pddl.sas;12;12;27;27;0.052;data;wmax;../keps14/problems/pegsol/p07.pddl.sas;12;12;27;27;0.01
data;ae;../keps14/problems/pegsol/p08.pddl.sas;12;12;27;27;0.002;data;gae;../keps14/problems/pegsol/p08.pddl.sas;12;12;27;27;0.002;data;ptt;../problems/pegsol/p08.pddl;12;12;27;27;0;data;max;../keps14/problems/pegsol/p08.pddl.sas;12;12;27;27;0;data;sat;../keps14/problems/pegsol/p08.pddl.sas;12;12;27;27;0.051;data;wmax;../keps14/problems/pegsol/p08.pddl.sas;12;12;27;27;0.01
data;ae;../keps14/problems/pegsol/p09.pddl.sas;15;15;32;32;0.003;data;gae;../keps14/problems/pegsol/p09.pddl.sas;15;15;32;32;0.002;data;ptt;../problems/pegsol/p09.pddl;15;15;32;32;0;data;max;../keps14/problems/pegsol/p09.pddl.sas;15;15;32;32;0;data;sat;../keps14/problems/pegsol/p09.pddl.sas;15;15;32;32;0.058;data;wmax;../keps14/problems/pegsol/p09.pddl.sas;15;15;32;32;0.01
data;ae;../keps14/problems/pegsol/p10.pddl.sas;12;12;27;27;0.004;data;gae;../keps14/problems/pegsol/p10.pddl.sas;12;12;27;27;0.002;data;ptt;../problems/pegsol/p10.pddl;12;12;27;27;0;data;max;../keps14/problems/pegsol/p10.pddl.sas;12;12;27;27;0;data;sat;../keps14/problems/pegsol/p10.pddl.sas;12;12;27;27;0.053;data;wmax;../keps14/problems/pegsol/p10.pddl.sas;12;12;27;27;0.01
data;ae;../keps14/problems/pegsol/p11.pddl.sas;14;14;29;29;0.004;data;gae;../keps14/problems/pegsol/p11.pddl.sas;14;14;29;29;0.002;data;ptt;../problems/pegsol/p11.pddl;14;14;29;29;0;data;max;../keps14/problems/pegsol/p11.pddl.sas;14;14;29;29;0.001;data;sat;../keps14/problems/pegsol/p11.pddl.sas;14;14;29;29;0.057;data;wmax;../keps14/problems/pegsol/p11.pddl.sas;14;14;29;29;0.01
data;ae;../keps14/problems/pegsol/p12.pddl.sas;17;17;33;33;0.003;data;gae;../keps14/problems/pegsol/p12.pddl.sas;17;17;33;33;0.005;data;ptt;../problems/pegsol/p12.pddl;17;17;33;33;0;data;max;../keps14/problems/pegsol/p12.pddl.sas;17;17;33;33;0;data;sat;../keps14/problems/pegsol/p12.pddl.sas;17;17;33;33;0.064;data;wmax;../keps14/problems/pegsol/p12.pddl.sas;17;17;33;33;0.01
data;ae;../keps14/problems/pegsol/p13.pddl.sas;10;10;22;22;0.002;data;gae;../keps14/problems/pegsol/p13.pddl.sas;10;10;22;22;0.001;data;ptt;../problems/pegsol/p13.pddl;10;10;22;22;0;data;max;../keps14/problems/pegsol/p13.pddl.sas;10;10;22;22;0;data;sat;../keps14/problems/pegsol/p13.pddl.sas;10;10;22;22;0.047;data;wmax;../keps14/problems/pegsol/p13.pddl.sas;10;10;22;22;0.00
data;ae;../keps14/problems/pegsol/p14.pddl.sas;15;15;32;32;0.003;data;gae;../keps14/problems/pegsol/p14.pddl.sas;15;15;32;32;0.002;data;ptt;../problems/pegsol/p14.pddl;15;15;32;32;0;data;max;../keps14/problems/pegsol/p14.pddl.sas;15;15;32;32;0.001;data;sat;../keps14/problems/pegsol/p14.pddl.sas;15;15;32;32;0.061;data;wmax;../keps14/problems/pegsol/p14.pddl.sas;15;15;32;32;0.01
data;ae;../keps14/problems/pegsol/p15.pddl.sas;12;12;25;25;0.002;data;gae;../keps14/problems/pegsol/p15.pddl.sas;12;12;25;25;0.002;data;ptt;../problems/pegsol/p15.pddl;12;12;25;25;0;data;max;../keps14/problems/pegsol/p15.pddl.sas;12;12;25;25;0.001;data;sat;../keps14/problems/pegsol/p15.pddl.sas;12;12;25;25;0.049;data;wmax;../keps14/problems/pegsol/p15.pddl.sas;12;12;25;25;0.01
data;ae;../keps14/problems/pegsol/p16.pddl.sas;17;17;35;35;0.003;data;gae;../keps14/problems/pegsol/p16.pddl.sas;17;17;35;35;0.005;data;ptt;../problems/pegsol/p16.pddl;17;17;35;35;0;data;max;../keps14/problems/pegsol/p16.pddl.sas;17;17;35;35;0.001;data;sat;../keps14/problems/pegsol/p16.pddl.sas;17;17;35;35;0.065;data;wmax;../keps14/problems/pegsol/p16.pddl.sas;17;17;35;35;0.02
data;ae;../keps14/problems/pegsol/p17.pddl.sas;14;14;35;35;0.003;data;gae;../keps14/problems/pegsol/p17.pddl.sas;14;14;35;35;0.002;data;ptt;../problems/pegsol/p17.pddl;14;14;35;35;0;data;max;../keps14/problems/pegsol/p17.pddl.sas;14;14;35;35;0.001;data;sat;../keps14/problems/pegsol/p17.pddl.sas;14;14;35;35;0.061;data;wmax;../keps14/problems/pegsol/p17.pddl.sas;14;14;35;35;0.01
data;ae;../keps14/problems/pegsol/p18.pddl.sas;22;22;45;45;0.007;data;gae;../keps14/problems/pegsol/p18.pddl.sas;22;22;45;45;0.006;data;ptt;../problems/pegsol/p18.pddl;22;22;45;45;0;data;max;../keps14/problems/pegsol/p18.pddl.sas;22;22;45;45;0.002;data;sat;../keps14/problems/pegsol/p18.pddl.sas;22;22;45;45;0.086;data;wmax;../keps14/problems/pegsol/p18.pddl.sas;22;22;45;45;0.04
data;ae;../keps14/problems/pegsol/p19.pddl.sas;23;23;49;49;0.005;data;gae;../keps14/problems/pegsol/p19.pddl.sas;23;23;49;49;0.004;data;ptt;../problems/pegsol/p19.pddl;23;23;49;49;0;data;max;../keps14/problems/pegsol/p19.pddl.sas;23;23;49;49;0.004;data;sat;../keps14/problems/pegsol/p19.pddl.sas;23;23;49;49;0.093;data;wmax;../keps14/problems/pegsol/p19.pddl.sas;23;23;49;49;0.03
data;ae;../keps14/problems/pegsol/p20.pddl.sas;28;28;58;58;0.006;data;gae;../keps14/problems/pegsol/p20.pddl.sas;28;28;58;58;0.006;data;ptt;../problems/pegsol/p20.pddl;28;28;58;58;0;data;max;../keps14/problems/pegsol/p20.pddl.sas;28;28;58;58;0.005;data;sat;../keps14/problems/pegsol/p20.pddl.sas;28;28;58;58;0.118;data;wmax;../keps14/problems/pegsol/p20.pddl.sas;28;28;58;58;0.05
data;ae;../keps14/problems/scanalyzer/p01.pddl.sas;38;28;14;10;0.000;data;gae;../keps14/problems/scanalyzer/p01.pddl.sas;38;28;14;10;0.001;data;ptt;../problems/scanalyzer/p01.pddl;38;38;14;14;0;data;max;../keps14/problems/scanalyzer/p01.pddl.sas;38;28;14;10;0;data;sat;../keps14/problems/scanalyzer/p01.pddl.sas;38;28;14;10;0.056;data;wmax;../keps14/problems/scanalyzer/p01.pddl.sas;38;28;14;10;0.00
data;ae;../keps14/problems/scanalyzer/p02.pddl.sas;36;36;12;12;0.001;data;gae;../keps14/problems/scanalyzer/p02.pddl.sas;36;36;12;12;0.001;data;ptt;../problems/scanalyzer/p02.pddl;36;36;12;12;0;data;max;../keps14/problems/scanalyzer/p02.pddl.sas;36;36;12;12;0;data;sat;../keps14/problems/scanalyzer/p02.pddl.sas;36;36;12;12;0.033;data;wmax;../keps14/problems/scanalyzer/p02.pddl.sas;36;36;12;12;0.00
data;ae;../keps14/problems/scanalyzer/p03.pddl.sas;40;36;22;20;0.003;data;gae;../keps14/problems/scanalyzer/p03.pddl.sas;40;36;22;20;0.002;data;ptt;../problems/scanalyzer/p03.pddl;40;40;22;22;0;data;max;../keps14/problems/scanalyzer/p03.pddl.sas;40;36;22;20;0;data;sat;../keps14/problems/scanalyzer/p03.pddl.sas;40;36;22;20;0.040;data;wmax;../keps14/problems/scanalyzer/p03.pddl.sas;40;36;22;20;0.00
data;ae;../keps14/problems/scanalyzer/p04.pddl.sas;50;46;28;26;0.002;data;gae;../keps14/problems/scanalyzer/p04.pddl.sas;50;46;28;26;0.005;data;ptt;../problems/scanalyzer/p04.pddl;50;50;28;28;0;data;max;../keps14/problems/scanalyzer/p04.pddl.sas;50;46;28;26;0.001;data;sat;../keps14/problems/scanalyzer/p04.pddl.sas;50;46;28;26;0.043;data;wmax;../keps14/problems/scanalyzer/p04.pddl.sas;50;46;28;26;0.00
data;ae;../keps14/problems/scanalyzer/p05.pddl.sas;42;42;14;14;0.001;data;gae;../keps14/problems/scanalyzer/p05.pddl.sas;42;42;14;14;0.003;data;ptt;../problems/scanalyzer/p05.pddl;42;42;14;14;0;data;max;../keps14/problems/scanalyzer/p05.pddl.sas;42;42;14;14;0;data;sat;../keps14/problems/scanalyzer/p05.pddl.sas;42;42;14;14;0.034;data;wmax;../keps14/problems/scanalyzer/p05.pddl.sas;42;42;14;14;0.00
data;ae;../keps14/problems/scanalyzer/p06.pddl.sas;42;42;22;22;0.001;data;gae;../keps14/problems/scanalyzer/p06.pddl.sas;42;42;22;22;0.001;data;ptt;../problems/scanalyzer/p06.pddl;42;42;22;22;0;data;max;../keps14/problems/scanalyzer/p06.pddl.sas;42;42;22;22;0;data;sat;../keps14/problems/scanalyzer/p06.pddl.sas;42;42;22;22;0.042;data;wmax;../keps14/problems/scanalyzer/p06.pddl.sas;42;42;22;22;0.01
data;ae;../keps14/problems/scanalyzer/p07.pddl.sas;48;48;16;16;0.001;data;gae;../keps14/problems/scanalyzer/p07.pddl.sas;48;48;16;16;0.001;data;ptt;../problems/scanalyzer/p07.pddl;48;48;16;16;0;data;max;../keps14/problems/scanalyzer/p07.pddl.sas;48;48;16;16;0;data;sat;../keps14/problems/scanalyzer/p07.pddl.sas;48;48;16;16;0.033;data;wmax;../keps14/problems/scanalyzer/p07.pddl.sas;48;48;16;16;0.00
data;ae;../keps14/problems/scanalyzer/p08.pddl.sas;78;78;48;48;0.002;data;gae;../keps14/problems/scanalyzer/p08.pddl.sas;78;78;48;48;0.004;data;ptt;../problems/scanalyzer/p08.pddl;78;78;48;48;0;data;max;../keps14/problems/scanalyzer/p08.pddl.sas;78;78;48;48;0.002;data;sat;../keps14/problems/scanalyzer/p08.pddl.sas;78;78;48;48;0.095;data;wmax;../keps14/problems/scanalyzer/p08.pddl.sas;78;78;48;48;0.04
data;ae;../keps14/problems/scanalyzer/p09.pddl.sas;60;56;34;32;0.002;data;gae;../keps14/problems/scanalyzer/p09.pddl.sas;60;56;34;32;0.004;data;ptt;../problems/scanalyzer/p09.pddl;60;60;34;34;0;data;max;../keps14/problems/scanalyzer/p09.pddl.sas;60;56;34;32;0.001;data;sat;../keps14/problems/scanalyzer/p09.pddl.sas;60;56;34;32;0.046;data;wmax;../keps14/problems/scanalyzer/p09.pddl.sas;60;56;34;32;0.00
data;ae;../keps14/problems/scanalyzer/p10.pddl.sas;80;76;40;38;0.004;data;gae;../keps14/problems/scanalyzer/p10.pddl.sas;80;76;40;38;0.007;data;ptt;../problems/scanalyzer/p10.pddl;80;80;40;40;0;data;max;../keps14/problems/scanalyzer/p10.pddl.sas;80;76;40;38;0;data;sat;../keps14/problems/scanalyzer/p10.pddl.sas;80;76;40;38;0.060;data;wmax;../keps14/problems/scanalyzer/p10.pddl.sas;80;76;40;38;0.02
data;ae;../keps14/problems/scanalyzer/p11.pddl.sas;70;66;40;38;0.005;data;gae;../keps14/problems/scanalyzer/p11.pddl.sas;70;66;40;38;0.005;data;ptt;../problems/scanalyzer/p11.pddl;70;70;40;40;0;data;max;../keps14/problems/scanalyzer/p11.pddl.sas;70;66;40;38;0.001;data;sat;../keps14/problems/scanalyzer/p11.pddl.sas;70;66;40;38;0.052;data;wmax;../keps14/problems/scanalyzer/p11.pddl.sas;70;66;40;38;0.01
data;ae;../keps14/problems/scanalyzer/p12.pddl.sas;68;64;34;32;0.002;data;gae;../keps14/problems/scanalyzer/p12.pddl.sas;68;64;34;32;0.004;data;ptt;../problems/scanalyzer/p12.pddl;68;68;34;34;0;data;max;../keps14/problems/scanalyzer/p12.pddl.sas;68;64;34;32;0.001;data;sat;../keps14/problems/scanalyzer/p12.pddl.sas;68;64;34;32;0.052;data;wmax;../keps14/problems/scanalyzer/p12.pddl.sas;68;64;34;32;0.01
data;ae;../keps14/problems/scanalyzer/p13.pddl.sas;56;52;28;26;0.002;data;gae;../keps14/problems/scanalyzer/p13.pddl.sas;56;52;28;26;0.003;data;ptt;../problems/scanalyzer/p13.pddl;56;56;28;28;0;data;max;../keps14/problems/scanalyzer/p13.pddl.sas;56;52;28;26;0;data;sat;../keps14/problems/scanalyzer/p13.pddl.sas;56;52;28;26;0.048;data;wmax;../keps14/problems/scanalyzer/p13.pddl.sas;56;52;28;26;0.01
data;ae;../keps14/problems/scanalyzer/p14.pddl.sas;92;88;46;44;0.003;data;gae;../keps14/problems/scanalyzer/p14.pddl.sas;92;88;46;44;0.007;data;ptt;../problems/scanalyzer/p14.pddl;92;92;46;46;0;data;max;../keps14/problems/scanalyzer/p14.pddl.sas;92;88;46;44;0.001;data;sat;../keps14/problems/scanalyzer/p14.pddl.sas;92;88;46;44;0.074;data;wmax;../keps14/problems/scanalyzer/p14.pddl.sas;92;88;46;44;0.02
data;ae;../keps14/problems/scanalyzer/p15.pddl.sas;80;76;46;44;0.003;data;gae;../keps14/problems/scanalyzer/p15.pddl.sas;80;76;46;44;0.005;data;ptt;../problems/scanalyzer/p15.pddl;80;80;46;46;0;data;max;../keps14/problems/scanalyzer/p15.pddl.sas;80;76;46;44;0.001;data;sat;../keps14/problems/scanalyzer/p15.pddl.sas;80;76;46;44;0.055;data;wmax;../keps14/problems/scanalyzer/p15.pddl.sas;80;76;46;44;0.01
data;ae;../keps14/problems/scanalyzer/p16.pddl.sas;104;100;52;50;0.003;data;gae;../keps14/problems/scanalyzer/p16.pddl.sas;104;100;52;50;0.006;data;ptt;../problems/scanalyzer/p16.pddl;104;104;52;52;0;data;max;../keps14/problems/scanalyzer/p16.pddl.sas;104;100;52;50;0.002;data;sat;../keps14/problems/scanalyzer/p16.pddl.sas;104;100;52;50;0.078;data;wmax;../keps14/problems/scanalyzer/p16.pddl.sas;104;100;52;50;0.02
data;ae;../keps14/problems/scanalyzer/p17.pddl.sas;90;86;52;50;0.003;data;gae;../keps14/problems/scanalyzer/p17.pddl.sas;90;86;52;50;0.005;data;ptt;../problems/scanalyzer/p17.pddl;90;90;52;52;0;data;max;../keps14/problems/scanalyzer/p17.pddl.sas;90;86;52;50;0;data;sat;../keps14/problems/scanalyzer/p17.pddl.sas;90;86;52;50;0.055;data;wmax;../keps14/problems/scanalyzer/p17.pddl.sas;90;86;52;50;0.01
data;ae;../keps14/problems/scanalyzer/p18.pddl.sas;63;55;23;19;0.001;data;gae;../keps14/problems/scanalyzer/p18.pddl.sas;63;55;23;19;0.002;data;ptt;../problems/scanalyzer/p18.pddl;63;63;23;23;0;data;max;../keps14/problems/scanalyzer/p18.pddl.sas;63;55;23;19;0.001;data;sat;../keps14/problems/scanalyzer/p18.pddl.sas;63;55;23;19;0.042;data;wmax;../keps14/problems/scanalyzer/p18.pddl.sas;63;55;23;19;0.00
data;ae;../keps14/problems/sokoban/p01.pddl.sas;72;72;187;187;0.024;data;gae;../keps14/problems/sokoban/p01.pddl.sas;72;72;187;187;0.026;data;ptt;../problems/sokoban/p01.pddl;72;72;187;187;.02;data;max;../keps14/problems/sokoban/p01.pddl.sas;72;72;187;187;0.02;data;sat;../keps14/problems/sokoban/p01.pddl.sas;72;72;187;187;0.250;data;wmax;../keps14/problems/sokoban/p01.pddl.sas;72;72;187;187;0.63
data;ae;../keps14/problems/sokoban/p02.pddl.sas;52;52;166;166;0.022;data;gae;../keps14/problems/sokoban/p02.pddl.sas;52;52;166;166;0.024;data;ptt;../problems/sokoban/p02.pddl;52;52;166;166;.02;data;max;../keps14/problems/sokoban/p02.pddl.sas;52;52;166;166;0.01;data;sat;../keps14/problems/sokoban/p02.pddl.sas;52;52;166;166;0.205;data;wmax;../keps14/problems/sokoban/p02.pddl.sas;52;52;166;166;0.29
data;ae;../keps14/problems/sokoban/p03.pddl.sas;33;33;111;111;0.018;data;gae;../keps14/problems/sokoban/p03.pddl.sas;33;33;111;111;0.018;data;ptt;../problems/sokoban/p03.pddl;33;33;111;111;.01;data;max;../keps14/problems/sokoban/p03.pddl.sas;33;33;111;111;0.005;data;sat;../keps14/problems/sokoban/p03.pddl.sas;33;33;111;111;0.145;data;wmax;../keps14/problems/sokoban/p03.pddl.sas;33;33;111;111;0.08
data;ae;../keps14/problems/sokoban/p04.pddl.sas;35;35;167;167;0.025;data;gae;../keps14/problems/sokoban/p04.pddl.sas;35;35;167;167;0.025;data;ptt;../problems/sokoban/p04.pddl;35;35;167;167;.03;data;max;../keps14/problems/sokoban/p04.pddl.sas;35;35;167;167;0.019;data;sat;../keps14/problems/sokoban/p04.pddl.sas;35;35;167;167;0.210;data;wmax;../keps14/problems/sokoban/p04.pddl.sas;35;35;167;167;0.37
data;ae;../keps14/problems/sokoban/p05.pddl.sas;60;60;249;249;0.027;data;gae;../keps14/problems/sokoban/p05.pddl.sas;60;60;249;249;0.029;data;ptt;../problems/sokoban/p05.pddl;60;60;249;249;.05;data;max;../keps14/problems/sokoban/p05.pddl.sas;60;60;249;249;0.025;data;sat;../keps14/problems/sokoban/p05.pddl.sas;60;60;249;249;0.257;data;wmax;../keps14/problems/sokoban/p05.pddl.sas;60;60;249;249;2.05
data;ae;../keps14/problems/sokoban/p06.pddl.sas;68;68;228;228;0.026;data;gae;../keps14/problems/sokoban/p06.pddl.sas;68;68;228;228;0.027;data;ptt;../problems/sokoban/p06.pddl;68;68;228;228;.03;data;max;../keps14/problems/sokoban/p06.pddl.sas;68;68;228;228;0.023;data;sat;../keps14/problems/sokoban/p06.pddl.sas;68;68;228;228;0.236;data;wmax;../keps14/problems/sokoban/p06.pddl.sas;68;68;228;228;1.01
data;ae;../keps14/problems/sokoban/p07.pddl.sas;33;33;111;111;0.017;data;gae;../keps14/problems/sokoban/p07.pddl.sas;33;33;111;111;0.017;data;ptt;../problems/sokoban/p07.pddl;33;33;111;111;.01;data;max;../keps14/problems/sokoban/p07.pddl.sas;33;33;111;111;0.009;data;sat;../keps14/problems/sokoban/p07.pddl.sas;33;33;111;111;0.161;data;wmax;../keps14/problems/sokoban/p07.pddl.sas;33;33;111;111;0.13
data;ae;../keps14/problems/sokoban/p09.pddl.sas;2;2;429;429;0.039;data;gae;../keps14/problems/sokoban/p09.pddl.sas;2;2;429;429;0.031;data;ptt;../problems/sokoban/p09.pddl;2;2;429;429;.19;data;max;../keps14/problems/sokoban/p09.pddl.sas;2;2;429;429;0.034;data;sat;../keps14/problems/sokoban/p09.pddl.sas;2;2;429;429;0.215;data;wmax;../keps14/problems/sokoban/p09.pddl.sas;2;2;429;429;0.49
data;ae;../keps14/problems/sokoban/p11.pddl.sas;103;101;404;398;0.050;data;gae;../keps14/problems/sokoban/p11.pddl.sas;103;101;404;398;0.053;data;ptt;../problems/sokoban/p11.pddl;103;103;404;404;.30;data;max;../keps14/problems/sokoban/p11.pddl.sas;103;101;404;398;0.193;data;sat;../keps14/problems/sokoban/p11.pddl.sas;103;101;404;398;0.430;data;wmax;../keps14/problems/sokoban/p11.pddl.sas;103;101;404;398;3.51
data;ae;../keps14/problems/sokoban/p12.pddl.sas;49;49;163;163;0.022;data;gae;../keps14/problems/sokoban/p12.pddl.sas;49;49;163;163;0.023;data;ptt;../problems/sokoban/p12.pddl;49;49;163;163;.02;data;max;../keps14/problems/sokoban/p12.pddl.sas;49;49;163;163;0.011;data;sat;../keps14/problems/sokoban/p12.pddl.sas;49;49;163;163;0.186;data;wmax;../keps14/problems/sokoban/p12.pddl.sas;49;49;163;163;0.23
data;ae;../keps14/problems/sokoban/p13.pddl.sas;24;24;81;81;0.009;data;gae;../keps14/problems/sokoban/p13.pddl.sas;24;24;81;81;0.010;data;ptt;../problems/sokoban/p13.pddl;24;24;81;81;.01;data;max;../keps14/problems/sokoban/p13.pddl.sas;24;24;81;81;0.002;data;sat;../keps14/problems/sokoban/p13.pddl.sas;24;24;81;81;0.084;data;wmax;../keps14/problems/sokoban/p13.pddl.sas;24;24;81;81;0.02
data;ae;../keps14/problems/sokoban/p14.pddl.sas;49;49;141;141;0.024;data;gae;../keps14/problems/sokoban/p14.pddl.sas;49;49;141;141;0.023;data;ptt;../problems/sokoban/p14.pddl;49;49;141;141;.02;data;max;../keps14/problems/sokoban/p14.pddl.sas;49;49;141;141;0.009;data;sat;../keps14/problems/sokoban/p14.pddl.sas;49;49;141;141;0.176;data;wmax;../keps14/problems/sokoban/p14.pddl.sas;49;49;141;141;0.24
data;ae;../keps14/problems/sokoban/p16.pddl.sas;28;28;67;67;0.005;data;gae;../keps14/problems/sokoban/p16.pddl.sas;28;28;67;67;0.007;data;ptt;../problems/sokoban/p16.pddl;28;28;67;67;.01;data;max;../keps14/problems/sokoban/p16.pddl.sas;28;28;67;67;0.002;data;sat;../keps14/problems/sokoban/p16.pddl.sas;28;28;67;67;0.066;data;wmax;../keps14/problems/sokoban/p16.pddl.sas;28;28;67;67;0.02
data;ae;../keps14/problems/tidybot/p01.pddl.sas;0;0;115;93;0.015;data;gae;../keps14/problems/tidybot/p01.pddl.sas;0;0;115;93;0.038;data;ptt;../problems/tidybot/p01.pddl;115;115;115;115;0;data;max;../keps14/problems/tidybot/p01.pddl.sas;0;0;115;93;0.007;data;sat;../keps14/problems/tidybot/p01.pddl.sas;0;0;115;93;0.208;data;wmax;../keps14/problems/tidybot/p01.pddl.sas;0;0;115;109;0.05
data;ae;../keps14/problems/tidybot/p02.pddl.sas;0;0;98;92;0.012;data;gae;../keps14/problems/tidybot/p02.pddl.sas;0;0;98;92;0.019;data;ptt;../problems/tidybot/p02.pddl;98;98;98;98;0;data;max;../keps14/problems/tidybot/p02.pddl.sas;0;0;98;92;0.003;data;sat;../keps14/problems/tidybot/p02.pddl.sas;0;0;98;92;0.112;data;wmax;../keps14/problems/tidybot/p02.pddl.sas;0;0;98;94;0.03
data;ae;../keps14/problems/tidybot/p03.pddl.sas;0;0;35;33;0.002;data;gae;../keps14/problems/tidybot/p03.pddl.sas;0;0;35;33;0.003;data;ptt;../problems/tidybot/p03.pddl;35;35;35;35;0;data;max;../keps14/problems/tidybot/p03.pddl.sas;0;0;35;33;0;data;sat;../keps14/problems/tidybot/p03.pddl.sas;0;0;35;33;0.043;data;wmax;../keps14/problems/tidybot/p03.pddl.sas;0;0;35;35;0.00
data;ae;../keps14/problems/tidybot/p04.pddl.sas;0;0;24;24;0.003;data;gae;../keps14/problems/tidybot/p04.pddl.sas;0;0;24;24;0.001;data;ptt;../problems/tidybot/p04.pddl;24;24;24;24;0;data;max;../keps14/problems/tidybot/p04.pddl.sas;0;0;24;24;0;data;sat;../keps14/problems/tidybot/p04.pddl.sas;0;0;24;24;0.035;data;wmax;../keps14/problems/tidybot/p04.pddl.sas;0;0;24;24;0.00
data;ae;../keps14/problems/tidybot/p05.pddl.sas;0;0;59;53;0.004;data;gae;../keps14/problems/tidybot/p05.pddl.sas;0;0;59;53;0.016;data;ptt;../problems/tidybot/p05.pddl;59;59;59;59;0;data;max;../keps14/problems/tidybot/p05.pddl.sas;0;0;59;53;0.003;data;sat;../keps14/problems/tidybot/p05.pddl.sas;0;0;59;53;0.084;data;wmax;../keps14/problems/tidybot/p05.pddl.sas;0;0;59;59;0.01
data;ae;../keps14/problems/tidybot/p06.pddl.sas;0;0;120;92;0.014;data;gae;../keps14/problems/tidybot/p06.pddl.sas;0;0;120;92;0.029;data;ptt;../problems/tidybot/p06.pddl;120;120;120;120;.01;data;max;../keps14/problems/tidybot/p06.pddl.sas;0;0;120;92;0.007;data;sat;../keps14/problems/tidybot/p06.pddl.sas;0;0;120;92;0.238;data;wmax;../keps14/problems/tidybot/p06.pddl.sas;0;0;120;110;0.07
data;ae;../keps14/problems/tidybot/p07.pddl.sas;0;0;92;60;0.006;data;gae;../keps14/problems/tidybot/p07.pddl.sas;0;0;92;60;0.028;data;ptt;../problems/tidybot/p07.pddl;92;92;92;92;0;data;max;../keps14/problems/tidybot/p07.pddl.sas;0;0;92;60;0.004;data;sat;../keps14/problems/tidybot/p07.pddl.sas;0;0;92;60;0.190;data;wmax;../keps14/problems/tidybot/p07.pddl.sas;0;0;92;72;0.03
data;ae;../keps14/problems/tidybot/p08.pddl.sas;0;0;32;28;0.002;data;gae;../keps14/problems/tidybot/p08.pddl.sas;0;0;32;28;0.006;data;ptt;../problems/tidybot/p08.pddl;32;32;32;32;0;data;max;../keps14/problems/tidybot/p08.pddl.sas;0;0;32;28;0.001;data;sat;../keps14/problems/tidybot/p08.pddl.sas;0;0;32;28;0.042;data;wmax;../keps14/problems/tidybot/p08.pddl.sas;0;0;32;30;0.00
data;ae;../keps14/problems/tidybot/p09.pddl.sas;0;0;62;46;0.004;data;gae;../keps14/problems/tidybot/p09.pddl.sas;0;0;62;46;0.019;data;ptt;../problems/tidybot/p09.pddl;62;62;62;62;0;data;max;../keps14/problems/tidybot/p09.pddl.sas;0;0;62;46;0.003;data;sat;../keps14/problems/tidybot/p09.pddl.sas;0;0;62;46;0.092;data;wmax;../keps14/problems/tidybot/p09.pddl.sas;0;0;62;60;0.01
data;ae;../keps14/problems/tidybot/p10.pddl.sas;0;0;70;70;0.007;data;gae;../keps14/problems/tidybot/p10.pddl.sas;0;0;70;70;0.007;data;ptt;../problems/tidybot/p10.pddl;70;70;70;70;0;data;max;../keps14/problems/tidybot/p10.pddl.sas;0;0;70;70;0.001;data;sat;../keps14/problems/tidybot/p10.pddl.sas;0;0;70;70;0.067;data;wmax;../keps14/problems/tidybot/p10.pddl.sas;0;0;70;70;0.01
data;ae;../keps14/problems/tidybot/p11.pddl.sas;0;0;52;52;0.003;data;gae;../keps14/problems/tidybot/p11.pddl.sas;0;0;52;52;0.003;data;ptt;../problems/tidybot/p11.pddl;52;52;52;52;0;data;max;../keps14/problems/tidybot/p11.pddl.sas;0;0;52;52;0;data;sat;../keps14/problems/tidybot/p11.pddl.sas;0;0;52;52;0.047;data;wmax;../keps14/problems/tidybot/p11.pddl.sas;0;0;52;52;0.00
data;ae;../keps14/problems/tidybot/p12.pddl.sas;0;0;43;41;0.002;data;gae;../keps14/problems/tidybot/p12.pddl.sas;0;0;43;41;0.006;data;ptt;../problems/tidybot/p12.pddl;43;43;43;43;0;data;max;../keps14/problems/tidybot/p12.pddl.sas;0;0;43;41;0.001;data;sat;../keps14/problems/tidybot/p12.pddl.sas;0;0;43;41;0.048;data;wmax;../keps14/problems/tidybot/p12.pddl.sas;0;0;43;43;0.00
data;ae;../keps14/problems/tidybot/p13.pddl.sas;0;0;103;89;0.010;data;gae;../keps14/problems/tidybot/p13.pddl.sas;0;0;103;89;0.022;data;ptt;../problems/tidybot/p13.pddl;103;103;103;103;0;data;max;../keps14/problems/tidybot/p13.pddl.sas;0;0;103;89;0.005;data;sat;../keps14/problems/tidybot/p13.pddl.sas;0;0;103;89;0.184;data;wmax;../keps14/problems/tidybot/p13.pddl.sas;0;0;103;99;0.04
data;ae;../keps14/problems/tidybot/p14.pddl.sas;0;0;50;46;0.005;data;gae;../keps14/problems/tidybot/p14.pddl.sas;0;0;50;46;0.007;data;ptt;../problems/tidybot/p14.pddl;50;50;50;50;0;data;max;../keps14/problems/tidybot/p14.pddl.sas;0;0;50;46;0;data;sat;../keps14/problems/tidybot/p14.pddl.sas;0;0;50;46;0.054;data;wmax;../keps14/problems/tidybot/p14.pddl.sas;0;0;50;48;0.01
data;ae;../keps14/problems/tidybot/p15.pddl.sas;0;0;57;55;0.006;data;gae;../keps14/problems/tidybot/p15.pddl.sas;0;0;57;55;0.008;data;ptt;../problems/tidybot/p15.pddl;57;57;57;57;0;data;max;../keps14/problems/tidybot/p15.pddl.sas;0;0;57;55;0;data;sat;../keps14/problems/tidybot/p15.pddl.sas;0;0;57;55;0.063;data;wmax;../keps14/problems/tidybot/p15.pddl.sas;0;0;57;57;0.01
data;ae;../keps14/problems/tidybot/p16.pddl.sas;0;0;78;72;0.006;data;gae;../keps14/problems/tidybot/p16.pddl.sas;0;0;78;72;0.018;data;ptt;../problems/tidybot/p16.pddl;78;78;78;78;0;data;max;../keps14/problems/tidybot/p16.pddl.sas;0;0;78;72;0.002;data;sat;../keps14/problems/tidybot/p16.pddl.sas;0;0;78;72;0.090;data;wmax;../keps14/problems/tidybot/p16.pddl.sas;0;0;78;72;0.02
data;ae;../keps14/problems/tidybot/p17.pddl.sas;0;0;46;46;0.005;data;gae;../keps14/problems/tidybot/p17.pddl.sas;0;0;46;46;0.005;data;ptt;../problems/tidybot/p17.pddl;46;46;46;46;0;data;max;../keps14/problems/tidybot/p17.pddl.sas;0;0;46;46;0.001;data;sat;../keps14/problems/tidybot/p17.pddl.sas;0;0;46;46;0.046;data;wmax;../keps14/problems/tidybot/p17.pddl.sas;0;0;46;46;0.00
data;ae;../keps14/problems/transport/p01.pddl.sas;2156;1764;153;129;0.036;data;gae;../keps14/problems/transport/p01.pddl.sas;2156;1742;153;128;0.084;data;ptt;../problems/transport/p01.pddl;2156;1841;153;134;.02;data;max;../keps14/problems/transport/p01.pddl.sas;2156;1742;153;128;0.004;data;sat;../keps14/problems/transport/p01.pddl.sas;2156;1764;153;129;0.210;data;wmax;../keps14/problems/transport/p01.pddl.sas;2156;1742;153;128;0.10
data;ae;../keps14/problems/transport/p02.pddl.sas;2609;2198;201;175;0.051;data;gae;../keps14/problems/transport/p02.pddl.sas;2609;2198;201;175;0.069;data;ptt;../problems/transport/p02.pddl;2609;2198;201;175;.03;data;max;../keps14/problems/transport/p02.pddl.sas;2609;2198;201;175;0.016;data;sat;../keps14/problems/transport/p02.pddl.sas;2609;2198;201;175;0.276;data;wmax;../keps14/problems/transport/p02.pddl.sas;2609;2198;201;175;0.24
data;ae;../keps14/problems/transport/p04.pddl.sas;5997;5901;168;164;0.042;data;gae;../keps14/problems/transport/p04.pddl.sas;5997;5901;168;164;0.058;data;ptt;../problems/transport/p04.pddl;5997;5901;168;164;.03;data;max;../keps14/problems/transport/p04.pddl.sas;5997;5901;168;164;0.013;data;sat;../keps14/problems/transport/p04.pddl.sas;5997;5901;168;164;0.182;data;wmax;../keps14/problems/transport/p04.pddl.sas;5997;5901;168;164;0.12
data;ae;../keps14/problems/transport/p05.pddl.sas;6676;6510;227;220;0.074;data;gae;../keps14/problems/transport/p05.pddl.sas;6676;6510;227;220;0.059;data;ptt;../problems/transport/p05.pddl;6676;6510;227;220;.04;data;max;../keps14/problems/transport/p05.pddl.sas;6676;6510;227;220;0.011;data;sat;../keps14/problems/transport/p05.pddl.sas;6676;6510;227;220;0.210;data;wmax;../keps14/problems/transport/p05.pddl.sas;6676;6510;227;220;0.13
data;ae;../keps14/problems/transport/p08.pddl.sas;2527;2032;194;165;0.049;data;gae;../keps14/problems/transport/p08.pddl.sas;2527;2032;194;165;0.044;data;ptt;../problems/transport/p08.pddl;2527;2032;194;165;.02;data;max;../keps14/problems/transport/p08.pddl.sas;2527;2032;194;165;0.012;data;sat;../keps14/problems/transport/p08.pddl.sas;2527;2032;194;165;0.229;data;wmax;../keps14/problems/transport/p08.pddl.sas;2527;2032;194;165;0.09
data;ae;../keps14/problems/transport/p09.pddl.sas;9709;8256;386;312;0.037;data;gae;../keps14/problems/transport/p09.pddl.sas;9709;8256;386;312;0.098;data;ptt;../problems/transport/p09.pddl;9709;8542;386;326;.21;data;max;../keps14/problems/transport/p09.pddl.sas;9709;8256;386;312;0.195;data;sat;../keps14/problems/transport/p09.pddl.sas;9709;8256;386;312;1.103;data;wmax;../keps14/problems/transport/p09.pddl.sas;9709;8256;386;312;2.72
data;ae;../keps14/problems/visitall/problem14.pddl.sas;0;0;362;326;0.041;data;gae;../keps14/problems/visitall/problem14.pddl.sas;0;0;362;326;0.094;data;ptt;../problems/visitall/problem14.pddl;362;362;362;362;.06;data;max;../keps14/problems/visitall/problem14.pddl.sas;0;0;362;322;0.02;data;sat;../keps14/problems/visitall/problem14.pddl.sas;0;0;362;326;0.300;data;wmax;../keps14/problems/visitall/problem14.pddl.sas;0;0;362;328;0.25
data;ae;../keps14/problems/visitall/problem16.pddl.sas;0;0;515;409;0.050;data;gae;../keps14/problems/visitall/problem16.pddl.sas;0;0;515;415;0.264;data;ptt;../problems/visitall/problem16.pddl;515;515;515;515;.11;data;max;../keps14/problems/visitall/problem16.pddl.sas;0;0;515;409;0.051;data;sat;../keps14/problems/visitall/problem16.pddl.sas;0;0;515;409;0.513;data;wmax;../keps14/problems/visitall/problem16.pddl.sas;0;0;515;419;0.48
data;ae;../keps14/problems/woodworking/p01.pddl.sas;1485;1450;67;65;0.009;data;gae;../keps14/problems/woodworking/p01.pddl.sas;1485;1450;67;65;0.015;;data;max;../keps14/problems/woodworking/p01.pddl.sas;1485;1450;67;65;0.001;data;sat;../keps14/problems/woodworking/p01.pddl.sas;1485;1450;67;65;0.068;data;wmax;../keps14/problems/woodworking/p01.pddl.sas;1485;1450;67;65;0.01
data;ae;../keps14/problems/woodworking/p02.pddl.sas;1660;1610;67;65;0.008;data;gae;../keps14/problems/woodworking/p02.pddl.sas;1660;1610;67;65;0.015;;data;max;../keps14/problems/woodworking/p02.pddl.sas;1660;1610;67;65;0.003;data;sat;../keps14/problems/woodworking/p02.pddl.sas;1660;1610;67;65;0.069;data;wmax;../keps14/problems/woodworking/p02.pddl.sas;1660;1610;67;65;0.00
data;ae;../keps14/problems/woodworking/p03.pddl.sas;1405;1405;69;69;0.008;data;gae;../keps14/problems/woodworking/p03.pddl.sas;1405;1405;69;69;0.010;;data;max;../keps14/problems/woodworking/p03.pddl.sas;1405;1405;69;69;0.001;data;sat;../keps14/problems/woodworking/p03.pddl.sas;1405;1405;69;69;0.066;data;wmax;../keps14/problems/woodworking/p03.pddl.sas;1405;1405;69;69;0.00
data;ae;../keps14/problems/woodworking/p04.pddl.sas;1655;1605;74;72;0.014;data;gae;../keps14/problems/woodworking/p04.pddl.sas;1655;1605;74;72;0.019;;data;max;../keps14/problems/woodworking/p04.pddl.sas;1655;1605;74;72;0;data;sat;../keps14/problems/woodworking/p04.pddl.sas;1655;1605;74;72;0.076;data;wmax;../keps14/problems/woodworking/p04.pddl.sas;1655;1605;74;72;0.00
data;ae;../keps14/problems/woodworking/p05.pddl.sas;1815;1815;84;84;0.013;data;gae;../keps14/problems/woodworking/p05.pddl.sas;1815;1815;84;84;0.011;;data;max;../keps14/problems/woodworking/p05.pddl.sas;1815;1815;84;84;0.003;data;sat;../keps14/problems/woodworking/p05.pddl.sas;1815;1815;84;84;0.073;data;wmax;../keps14/problems/woodworking/p05.pddl.sas;1815;1815;84;84;0.01
data;ae;../keps14/problems/woodworking/p06.pddl.sas;1710;1690;86;84;0.013;data;gae;../keps14/problems/woodworking/p06.pddl.sas;1710;1690;86;84;0.023;;data;max;../keps14/problems/woodworking/p06.pddl.sas;1710;1690;86;84;0.001;data;sat;../keps14/problems/woodworking/p06.pddl.sas;1710;1690;86;84;0.082;data;wmax;../keps14/problems/woodworking/p06.pddl.sas;1710;1690;86;84;0.01
data;ae;../keps14/problems/woodworking/p07.pddl.sas;1885;1885;83;83;0.013;data;gae;../keps14/problems/woodworking/p07.pddl.sas;1885;1885;83;83;0.013;;data;max;../keps14/problems/woodworking/p07.pddl.sas;1885;1885;83;83;0.001;data;sat;../keps14/problems/woodworking/p07.pddl.sas;1885;1885;83;83;0.076;data;wmax;../keps14/problems/woodworking/p07.pddl.sas;1885;1885;83;83;0.01
data;ae;../keps14/problems/woodworking/p08.pddl.sas;1625;1590;83;81;0.013;data;gae;../keps14/problems/woodworking/p08.pddl.sas;1625;1590;83;81;0.024;;data;max;../keps14/problems/woodworking/p08.pddl.sas;1625;1590;83;81;0.002;data;sat;../keps14/problems/woodworking/p08.pddl.sas;1625;1590;83;81;0.080;data;wmax;../keps14/problems/woodworking/p08.pddl.sas;1625;1590;83;81;0.01
data;ae;../keps14/problems/woodworking/p09.pddl.sas;1295;1295;59;59;0.009;data;gae;../keps14/problems/woodworking/p09.pddl.sas;1295;1295;59;59;0.009;;data;max;../keps14/problems/woodworking/p09.pddl.sas;1295;1295;59;59;0.001;data;sat;../keps14/problems/woodworking/p09.pddl.sas;1295;1295;59;59;0.066;data;wmax;../keps14/problems/woodworking/p09.pddl.sas;1295;1295;59;59;0.00
data;ae;../keps14/problems/woodworking/p11.pddl.sas;1975;1940;96;94;0.016;data;gae;../keps14/problems/woodworking/p11.pddl.sas;1975;1940;96;94;0.026;;data;max;../keps14/problems/woodworking/p11.pddl.sas;1975;1940;96;94;0.001;data;sat;../keps14/problems/woodworking/p11.pddl.sas;1975;1940;96;94;0.084;data;wmax;../keps14/problems/woodworking/p11.pddl.sas;1975;1940;96;94;0.01
data;ae;../keps14/problems/woodworking/p12.pddl.sas;2025;1975;91;89;0.015;data;gae;../keps14/problems/woodworking/p12.pddl.sas;2025;1975;91;89;0.028;;data;max;../keps14/problems/woodworking/p12.pddl.sas;2025;1975;91;89;0.002;data;sat;../keps14/problems/woodworking/p12.pddl.sas;2025;1975;91;89;0.082;data;wmax;../keps14/problems/woodworking/p12.pddl.sas;2025;1975;91;89;0.01
data;ae;../keps14/problems/woodworking/p13.pddl.sas;1965;1965;95;95;0.015;data;gae;../keps14/problems/woodworking/p13.pddl.sas;1965;1965;95;95;0.016;;data;max;../keps14/problems/woodworking/p13.pddl.sas;1965;1965;95;95;0.002;data;sat;../keps14/problems/woodworking/p13.pddl.sas;1965;1965;95;95;0.080;data;wmax;../keps14/problems/woodworking/p13.pddl.sas;1965;1965;95;95;0.01
data;ae;../keps14/problems/woodworking/p14.pddl.sas;1430;1430;75;75;0.012;data;gae;../keps14/problems/woodworking/p14.pddl.sas;1430;1430;75;75;0.009;;data;max;../keps14/problems/woodworking/p14.pddl.sas;1430;1430;75;75;0.003;data;sat;../keps14/problems/woodworking/p14.pddl.sas;1430;1430;75;75;0.068;data;wmax;../keps14/problems/woodworking/p14.pddl.sas;1430;1430;75;75;0.01
data;ae;../keps14/problems/woodworking/p15.pddl.sas;2320;2300;108;106;0.019;data;gae;../keps14/problems/woodworking/p15.pddl.sas;2320;2300;108;106;0.028;;data;max;../keps14/problems/woodworking/p15.pddl.sas;2320;2300;108;106;0.001;data;sat;../keps14/problems/woodworking/p15.pddl.sas;2320;2300;108;106;0.086;data;wmax;../keps14/problems/woodworking/p15.pddl.sas;2320;2300;108;106;0.01
data;ae;../keps14/problems/woodworking/p16.pddl.sas;1990;1955;96;94;0.014;data;gae;../keps14/problems/woodworking/p16.pddl.sas;1990;1955;96;94;0.025;;data;max;../keps14/problems/woodworking/p16.pddl.sas;1990;1955;96;94;0.002;data;sat;../keps14/problems/woodworking/p16.pddl.sas;1990;1955;96;94;0.065;data;wmax;../keps14/problems/woodworking/p16.pddl.sas;1990;1955;96;94;0.01
data;ae;../keps14/problems/woodworking/p17.pddl.sas;970;970;45;45;0.004;data;gae;../keps14/problems/woodworking/p17.pddl.sas;970;970;45;45;0.006;;data;max;../keps14/problems/woodworking/p17.pddl.sas;970;970;45;45;0;data;sat;../keps14/problems/woodworking/p17.pddl.sas;970;970;45;45;0.051;data;wmax;../keps14/problems/woodworking/p17.pddl.sas;970;970;45;45;0.00
data;ae;../keps14/problems/woodworking/p18.pddl.sas;1425;1425;67;67;0.009;data;gae;../keps14/problems/woodworking/p18.pddl.sas;1425;1425;67;67;0.009;;data;max;../keps14/problems/woodworking/p18.pddl.sas;1425;1425;67;67;0.001;data;sat;../keps14/problems/woodworking/p18.pddl.sas;1425;1425;67;67;0.059;data;wmax;../keps14/problems/woodworking/p18.pddl.sas;1425;1425;67;67;0.00
data;ae;../keps14/problems/woodworking/p19.pddl.sas;1300;1300;59;59;0.006;data;gae;../keps14/problems/woodworking/p19.pddl.sas;1300;1300;59;59;0.006;;data;max;../keps14/problems/woodworking/p19.pddl.sas;1300;1300;59;59;0;data;sat;../keps14/problems/woodworking/p19.pddl.sas;1300;1300;59;59;0.058;data;wmax;../keps14/problems/woodworking/p19.pddl.sas;1300;1300;59;59;0.01
data;ae;../keps14/problems/woodworking/p20.pddl.sas;1530;1460;67;63;0.010;data;gae;../keps14/problems/woodworking/p20.pddl.sas;1530;1460;67;63;0.027;;data;max;../keps14/problems/woodworking/p20.pddl.sas;1530;1460;67;63;0.001;data;sat;../keps14/problems/woodworking/p20.pddl.sas;1530;1460;67;63;0.075;data;wmax;../keps14/problems/woodworking/p20.pddl.sas;1530;1460;67;63;0.01
