data;ae;../keps14/problems/barman/pfile06-021.pddl.sas;404;320;215;167;0.028;data;gae;../keps14/problems/barman/pfile06-021.pddl.sas;404;320;215;167;0.060;data;ptt;../problems/barman/pfile06-021.pddl;404;377;215;197;.08;data;max;../keps14/problems/barman/pfile06-021.pddl.sas;404;318;215;165;0.025;data;sat;../keps14/problems/barman/pfile06-021.pddl.sas;404;320;215;167;0.407;data;wmax;../keps14/problems/barman/pfile06-021.pddl.sas;404;318;215;165;0.55
data;ae;../keps14/problems/barman/pfile06-022.pddl.sas;398;321;209;177;0.026;data;gae;../keps14/problems/barman/pfile06-022.pddl.sas;398;314;209;170;0.051;data;ptt;../problems/barman/pfile06-022.pddl;398;370;209;199;.14;data;max;../keps14/problems/barman/pfile06-022.pddl.sas;398;312;209;168;0.032;data;sat;../keps14/problems/barman/pfile06-022.pddl.sas;398;321;209;177;0.386;data;wmax;../keps14/problems/barman/pfile06-022.pddl.sas;398;312;209;168;0.63
data;ae;../keps14/problems/barman/pfile06-023.pddl.sas;402;337;213;184;0.028;data;gae;../keps14/problems/barman/pfile06-023.pddl.sas;402;337;213;184;0.049;data;ptt;../problems/barman/pfile06-023.pddl;402;353;213;191;.13;data;max;../keps14/problems/barman/pfile06-023.pddl.sas;402;337;213;184;0.022;data;sat;../keps14/problems/barman/pfile06-023.pddl.sas;402;337;213;184;0.415;data;wmax;../keps14/problems/barman/pfile06-023.pddl.sas;402;337;213;184;0.48
data;ae;../keps14/problems/barman/pfile06-024.pddl.sas;484;323;250;170;0.028;data;gae;../keps14/problems/barman/pfile06-024.pddl.sas;484;323;250;170;0.074;data;ptt;../problems/barman/pfile06-024.pddl;484;440;250;224;.16;data;max;../keps14/problems/barman/pfile06-024.pddl.sas;484;319;250;166;0.058;data;sat;../keps14/problems/barman/pfile06-024.pddl.sas;484;323;250;170;0.599;data;wmax;../keps14/problems/barman/pfile06-024.pddl.sas;484;319;250;166;1.95
data;ae;../keps14/problems/barman/pfile07-025.pddl.sas;388;347;208;185;0.028;data;gae;../keps14/problems/barman/pfile07-025.pddl.sas;388;347;208;185;0.046;data;ptt;../problems/barman/pfile07-025.pddl;388;361;208;190;.12;data;max;../keps14/problems/barman/pfile07-025.pddl.sas;388;347;208;185;0.022;data;sat;../keps14/problems/barman/pfile07-025.pddl.sas;388;347;208;185;0.401;data;wmax;../keps14/problems/barman/pfile07-025.pddl.sas;388;347;208;185;0.43
data;ae;../keps14/problems/barman/pfile07-026.pddl.sas;428;360;221;189;0.028;data;gae;../keps14/problems/barman/pfile07-026.pddl.sas;428;360;221;189;0.054;data;ptt;../problems/barman/pfile07-026.pddl;428;382;221;202;.12;data;max;../keps14/problems/barman/pfile07-026.pddl.sas;428;360;221;189;0.029;data;sat;../keps14/problems/barman/pfile07-026.pddl.sas;428;360;221;189;0.542;data;wmax;../keps14/problems/barman/pfile07-026.pddl.sas;428;360;221;189;0.52
data;ae;../keps14/problems/barman/pfile07-027.pddl.sas;424;356;226;185;0.029;data;gae;../keps14/problems/barman/pfile07-027.pddl.sas;424;356;226;185;0.061;data;ptt;../problems/barman/pfile07-027.pddl;424;374;226;194;.11;data;max;../keps14/problems/barman/pfile07-027.pddl.sas;424;356;226;185;0.034;data;sat;../keps14/problems/barman/pfile07-027.pddl.sas;424;356;226;185;0.482;data;wmax;../keps14/problems/barman/pfile07-027.pddl.sas;424;356;226;185;0.63
data;ae;../keps14/problems/barman/pfile07-028.pddl.sas;432;405;243;225;0.027;data;gae;../keps14/problems/barman/pfile07-028.pddl.sas;432;405;243;225;0.045;data;ptt;../problems/barman/pfile07-028.pddl;432;407;243;227;.16;data;max;../keps14/problems/barman/pfile07-028.pddl.sas;432;405;243;225;0.044;data;sat;../keps14/problems/barman/pfile07-028.pddl.sas;432;405;243;225;0.481;data;wmax;../keps14/problems/barman/pfile07-028.pddl.sas;432;405;243;225;0.69
data;ae;../keps14/problems/elevators/p01.pddl.sas;761;659;130;104;0.019;data;gae;../keps14/problems/elevators/p01.pddl.sas;761;521;130;96;0.030;data;ptt;../problems/elevators/p01.pddl;761;735;130;116;.02;data;max;../keps14/problems/elevators/p01.pddl.sas;761;521;130;96;0.007;data;sat;../keps14/problems/elevators/p01.pddl.sas;761;659;130;104;0.166;data;wmax;../keps14/problems/elevators/p01.pddl.sas;761;521;130;100;0.03
data;ae;../keps14/problems/elevators/p02.pddl.sas;2058;1846;223;183;0.047;data;gae;../keps14/problems/elevators/p02.pddl.sas;2058;1841;223;182;0.068;data;ptt;../problems/elevators/p02.pddl;2058;1965;223;200;.07;data;max;../keps14/problems/elevators/p02.pddl.sas;2058;1841;223;182;0.012;data;sat;../keps14/problems/elevators/p02.pddl.sas;2058;1841;223;182;0.295;data;wmax;../keps14/problems/elevators/p02.pddl.sas;2058;1841;223;184;0.07
data;ae;../keps14/problems/elevators/p03.pddl.sas;2657;2275;315;230;0.050;data;gae;../keps14/problems/elevators/p03.pddl.sas;2657;2177;315;228;0.123;data;ptt;../problems/elevators/p03.pddl;2657;2372;315;256;.09;data;max;../keps14/problems/elevators/p03.pddl.sas;2657;1903;315;206;0.032;data;sat;../keps14/problems/elevators/p03.pddl.sas;2657;1904;315;207;0.475;data;wmax;../keps14/problems/elevators/p03.pddl.sas;2657;1903;315;216;0.27
data;ae;../keps14/problems/elevators/p04.pddl.sas;1373;1151;178;148;0.023;data;gae;../keps14/problems/elevators/p04.pddl.sas;1373;1051;178;138;0.030;data;ptt;../problems/elevators/p04.pddl;1373;1373;178;172;.02;data;max;../keps14/problems/elevators/p04.pddl.sas;1373;1051;178;138;0.008;data;sat;../keps14/problems/elevators/p04.pddl.sas;1373;1151;178;148;0.212;data;wmax;../keps14/problems/elevators/p04.pddl.sas;1373;1051;178;138;0.06
data;ae;../keps14/problems/elevators/p05.pddl.sas;1328;889;239;162;0.029;data;gae;../keps14/problems/elevators/p05.pddl.sas;1328;889;239;162;0.054;data;ptt;../problems/elevators/p05.pddl;1328;1126;239;197;.05;data;max;../keps14/problems/elevators/p05.pddl.sas;1328;837;239;154;0.017;data;sat;../keps14/problems/elevators/p05.pddl.sas;1328;889;239;162;0.274;data;wmax;../keps14/problems/elevators/p05.pddl.sas;1328;837;239;160;0.19
data;ae;../keps14/problems/elevators/p06.pddl.sas;2979;2660;394;317;0.055;data;gae;../keps14/problems/elevators/p06.pddl.sas;2979;2606;394;317;0.169;data;ptt;../problems/elevators/p06.pddl;2979;2899;394;346;.10;data;max;../keps14/problems/elevators/p06.pddl.sas;2979;2606;394;315;0.033;data;sat;../keps14/problems/elevators/p06.pddl.sas;2979;2606;394;315;0.398;data;wmax;../keps14/problems/elevators/p06.pddl.sas;2979;2606;394;325;0.35
data;ae;../keps14/problems/elevators/p07.pddl.sas;2954;2251;318;243;0.048;data;gae;../keps14/problems/elevators/p07.pddl.sas;2954;2251;318;243;0.123;data;ptt;../problems/elevators/p07.pddl;2954;2848;318;286;.14;data;max;../keps14/problems/elevators/p07.pddl.sas;2954;2251;318;243;0.018;data;sat;../keps14/problems/elevators/p07.pddl.sas;2954;2251;318;243;0.432;data;wmax;../keps14/problems/elevators/p07.pddl.sas;2954;2251;318;243;0.22
data;ae;../keps14/problems/elevators/p08.pddl.sas;2856;2338;362;276;0.055;data;gae;../keps14/problems/elevators/p08.pddl.sas;2856;2313;362;275;0.166;data;ptt;../problems/elevators/p08.pddl;2856;2744;362;312;.12;data;max;../keps14/problems/elevators/p08.pddl.sas;2856;2313;362;275;0.027;data;sat;../keps14/problems/elevators/p08.pddl.sas;2856;2313;362;275;0.451;data;wmax;../keps14/problems/elevators/p08.pddl.sas;2856;2313;362;281;0.30
data;ae;../keps14/problems/elevators/p09.pddl.sas;2860;2508;356;302;0.054;data;gae;../keps14/problems/elevators/p09.pddl.sas;2860;2503;356;301;0.124;data;ptt;../problems/elevators/p09.pddl;2860;2706;356;318;.08;data;max;../keps14/problems/elevators/p09.pddl.sas;2860;2503;356;301;0.025;data;sat;../keps14/problems/elevators/p09.pddl.sas;2860;2508;356;302;0.442;data;wmax;../keps14/problems/elevators/p09.pddl.sas;2860;2503;356;313;0.25
data;ae;../keps14/problems/elevators/p10.pddl.sas;3196;2804;428;344;0.127;data;gae;../keps14/problems/elevators/p10.pddl.sas;3196;2853;428;345;0.235;data;ptt;../problems/elevators/p10.pddl;3196;3068;428;374;.12;data;max;../keps14/problems/elevators/p10.pddl.sas;3196;2804;428;344;0.043;data;sat;../keps14/problems/elevators/p10.pddl.sas;3196;2853;428;345;0.576;data;wmax;../keps14/problems/elevators/p10.pddl.sas;3196;2804;428;348;0.52
data;ae;../keps14/problems/elevators/p11.pddl.sas;4899;3827;567;410;0.045;data;gae;../keps14/problems/elevators/p11.pddl.sas;4899;3685;567;399;0.276;data;ptt;../problems/elevators/p11.pddl;4899;4745;567;487;.17;data;max;../keps14/problems/elevators/p11.pddl.sas;4899;3478;567;380;0.063;data;sat;../keps14/problems/elevators/p11.pddl.sas;4899;3483;567;381;0.565;data;wmax;../keps14/problems/elevators/p11.pddl.sas;4899;3478;567;390;0.60
data;ae;../keps14/problems/elevators/p12.pddl.sas;6978;4903;814;562;0.058;data;gae;../keps14/problems/elevators/p12.pddl.sas;6978;4903;814;562;0.670;data;ptt;../problems/elevators/p12.pddl;6978;6528;814;702;.54;data;max;../keps14/problems/elevators/p12.pddl.sas;6978;4902;814;561;0.134;data;sat;../keps14/problems/elevators/p12.pddl.sas;6978;4903;814;562;1.270;data;wmax;../keps14/problems/elevators/p12.pddl.sas;6978;4902;814;567;1.77
data;ae;../keps14/problems/elevators/p13.pddl.sas;6221;5123;704;504;0.062;data;gae;../keps14/problems/elevators/p13.pddl.sas;6221;4988;704;499;0.455;data;ptt;../problems/elevators/p13.pddl;6221;5695;704;564;.22;data;max;../keps14/problems/elevators/p13.pddl.sas;6221;4969;704;498;0.111;data;sat;../keps14/problems/elevators/p13.pddl.sas;6221;5104;704;503;1.028;data;wmax;../keps14/problems/elevators/p13.pddl.sas;6221;4969;704;506;0.99
data;ae;../keps14/problems/elevators/p14.pddl.sas;6112;4593;708;493;0.052;data;gae;../keps14/problems/elevators/p14.pddl.sas;6112;4450;708;483;0.487;data;ptt;../problems/elevators/p14.pddl;6112;5572;708;595;.31;data;max;../keps14/problems/elevators/p14.pddl.sas;6112;4474;708;481;0.102;data;sat;../keps14/problems/elevators/p14.pddl.sas;6112;4501;708;487;1.001;data;wmax;../keps14/problems/elevators/p14.pddl.sas;6112;4450;708;489;0.94
data;ae;../keps14/problems/elevators/p15.pddl.sas;8871;6640;943;635;0.092;data;gae;../keps14/problems/elevators/p15.pddl.sas;8871;6557;943;625;1.020;data;ptt;../problems/elevators/p15.pddl;8871;8457;943;825;.58;data;max;../keps14/problems/elevators/p15.pddl.sas;8871;6163;943;602;0.257;data;sat;../keps14/problems/elevators/p15.pddl.sas;8871;6284;943;614;2.379;data;wmax;../keps14/problems/elevators/p15.pddl.sas;8871;6163;943;622;2.40
data;ae;../keps14/problems/elevators/p16.pddl.sas;8863;7296;634;460;0.063;data;gae;../keps14/problems/elevators/p16.pddl.sas;8863;7220;634;454;0.419;data;ptt;../problems/elevators/p16.pddl;8863;8192;634;518;.49;data;max;../keps14/problems/elevators/p16.pddl.sas;8863;7096;634;450;0.083;data;sat;../keps14/problems/elevators/p16.pddl.sas;8863;7388;634;462;0.728;data;wmax;../keps14/problems/elevators/p16.pddl.sas;8863;7096;634;460;0.79
data;ae;../keps14/problems/elevators/p17.pddl.sas;12698;10345;970;714;0.095;data;gae;../keps14/problems/elevators/p17.pddl.sas;12698;10338;970;711;1.169;data;ptt;../problems/elevators/p17.pddl;12698;12000;970;842;.95;data;max;../keps14/problems/elevators/p17.pddl.sas;12698;8981;970;644;0.277;data;sat;../keps14/problems/elevators/p17.pddl.sas;12698;9453;970;672;2.318;data;wmax;../keps14/problems/elevators/p17.pddl.sas;12698;8972;970;673;9.37
data;ae;../keps14/problems/elevators/p18.pddl.sas;11214;10172;806;688;0.071;data;gae;../keps14/problems/elevators/p18.pddl.sas;11214;10172;806;688;0.535;data;ptt;../problems/elevators/p18.pddl;11214;11012;806;742;.50;data;max;../keps14/problems/elevators/p18.pddl.sas;11214;10010;806;668;0.123;data;sat;../keps14/problems/elevators/p18.pddl.sas;11214;10064;806;672;0.688;data;wmax;../keps14/problems/elevators/p18.pddl.sas;11214;9975;806;685;1.16
data;ae;../keps14/problems/elevators/p19.pddl.sas;16019;12226;1059;802;0.078;data;gae;../keps14/problems/elevators/p19.pddl.sas;16019;12785;1059;804;1.664;data;ptt;../problems/elevators/p19.pddl;16019;15235;1059;949;.76;data;max;../keps14/problems/elevators/p19.pddl.sas;16019;11367;1059;773;0.289;data;sat;../keps14/problems/elevators/p19.pddl.sas;16019;11947;1059;779;2.520;data;wmax;../keps14/problems/elevators/p19.pddl.sas;16019;11367;1059;785;6.49
data;ae;../keps14/problems/elevators/p20.pddl.sas;12744;9039;974;697;0.066;data;gae;../keps14/problems/elevators/p20.pddl.sas;12744;8810;974;683;1.258;data;ptt;../problems/elevators/p20.pddl;12744;11355;974;860;1.53;data;max;../keps14/problems/elevators/p20.pddl.sas;12744;8706;974;673;0.242;data;sat;../keps14/problems/elevators/p20.pddl.sas;12744;8837;974;686;2.167;data;wmax;../keps14/problems/elevators/p20.pddl.sas;12744;8706;974;685;4.29
data;ae;../keps14/problems/floortile/seq-p01-001.pddl.sas;93;93;35;35;0.004;data;gae;../keps14/problems/floortile/seq-p01-001.pddl.sas;93;93;35;35;0.003;data;ptt;../problems/floortile/seq-p01-001.pddl;93;93;35;35;0;data;max;../keps14/problems/floortile/seq-p01-001.pddl.sas;93;93;35;35;0;data;sat;../keps14/problems/floortile/seq-p01-001.pddl.sas;93;93;35;35;0.041;data;wmax;../keps14/problems/floortile/seq-p01-001.pddl.sas;93;93;35;35;0.00
data;ae;../keps14/problems/floortile/seq-p01-002.pddl.sas;96;96;36;36;0.007;data;gae;../keps14/problems/floortile/seq-p01-002.pddl.sas;96;96;36;36;0.005;data;ptt;../problems/floortile/seq-p01-002.pddl;96;96;36;36;0;data;max;../keps14/problems/floortile/seq-p01-002.pddl.sas;96;96;36;36;0.001;data;sat;../keps14/problems/floortile/seq-p01-002.pddl.sas;96;96;36;36;0.041;data;wmax;../keps14/problems/floortile/seq-p01-002.pddl.sas;96;96;36;36;0.00
data;ae;../keps14/problems/floortile/seq-p02-003.pddl.sas;121;121;46;46;0.006;data;gae;../keps14/problems/floortile/seq-p02-003.pddl.sas;121;121;46;46;0.007;data;ptt;../problems/floortile/seq-p02-003.pddl;121;121;46;46;0;data;max;../keps14/problems/floortile/seq-p02-003.pddl.sas;121;121;46;46;0.001;data;sat;../keps14/problems/floortile/seq-p02-003.pddl.sas;121;121;46;46;0.048;data;wmax;../keps14/problems/floortile/seq-p02-003.pddl.sas;121;121;46;46;0.00
data;ae;../keps14/problems/floortile/seq-p02-004.pddl.sas;135;135;50;50;0.009;data;gae;../keps14/problems/floortile/seq-p02-004.pddl.sas;135;135;50;50;0.008;data;ptt;../problems/floortile/seq-p02-004.pddl;135;135;50;50;0;data;max;../keps14/problems/floortile/seq-p02-004.pddl.sas;135;135;50;50;0;data;sat;../keps14/problems/floortile/seq-p02-004.pddl.sas;135;135;50;50;0.059;data;wmax;../keps14/problems/floortile/seq-p02-004.pddl.sas;135;135;50;50;0.00
data;ae;../keps14/problems/floortile/seq-p03-005.pddl.sas;129;129;47;47;0.006;data;gae;../keps14/problems/floortile/seq-p03-005.pddl.sas;129;129;47;47;0.005;data;ptt;../problems/floortile/seq-p03-005.pddl;129;129;47;47;0;data;max;../keps14/problems/floortile/seq-p03-005.pddl.sas;129;129;47;47;0;data;sat;../keps14/problems/floortile/seq-p03-005.pddl.sas;129;129;47;47;0.048;data;wmax;../keps14/problems/floortile/seq-p03-005.pddl.sas;129;129;47;47;0.01
data;ae;../keps14/problems/floortile/seq-p03-006.pddl.sas;130;130;48;48;0.008;data;gae;../keps14/problems/floortile/seq-p03-006.pddl.sas;130;130;48;48;0.005;data;ptt;../problems/floortile/seq-p03-006.pddl;130;130;48;48;0;data;max;../keps14/problems/floortile/seq-p03-006.pddl.sas;130;130;48;48;0.001;data;sat;../keps14/problems/floortile/seq-p03-006.pddl.sas;130;130;48;48;0.049;data;wmax;../keps14/problems/floortile/seq-p03-006.pddl.sas;130;130;48;48;0.01
data;ae;../keps14/problems/floortile/seq-p04-007.pddl.sas;158;158;60;60;0.010;data;gae;../keps14/problems/floortile/seq-p04-007.pddl.sas;158;158;60;60;0.008;data;ptt;../problems/floortile/seq-p04-007.pddl;158;158;60;60;0;data;max;../keps14/problems/floortile/seq-p04-007.pddl.sas;158;158;60;60;0.001;data;sat;../keps14/problems/floortile/seq-p04-007.pddl.sas;158;158;60;60;0.055;data;wmax;../keps14/problems/floortile/seq-p04-007.pddl.sas;158;158;60;60;0.01
data;ae;../keps14/problems/floortile/seq-p04-008.pddl.sas;143;143;57;57;0.010;data;gae;../keps14/problems/floortile/seq-p04-008.pddl.sas;143;143;57;57;0.009;data;ptt;../problems/floortile/seq-p04-008.pddl;143;143;57;57;0;data;max;../keps14/problems/floortile/seq-p04-008.pddl.sas;143;143;57;57;0.001;data;sat;../keps14/problems/floortile/seq-p04-008.pddl.sas;143;143;57;57;0.053;data;wmax;../keps14/problems/floortile/seq-p04-008.pddl.sas;143;143;57;57;0.00
data;ae;../keps14/problems/floortile/seq-p05-009.pddl.sas;196;196;74;74;0.013;data;gae;../keps14/problems/floortile/seq-p05-009.pddl.sas;196;196;74;74;0.012;data;ptt;../problems/floortile/seq-p05-009.pddl;196;196;74;74;0;data;max;../keps14/problems/floortile/seq-p05-009.pddl.sas;196;196;74;74;0;data;sat;../keps14/problems/floortile/seq-p05-009.pddl.sas;196;196;74;74;0.063;data;wmax;../keps14/problems/floortile/seq-p05-009.pddl.sas;196;196;74;74;0.01
data;ae;../keps14/problems/floortile/seq-p05-010.pddl.sas;201;181;75;71;0.012;data;gae;../keps14/problems/floortile/seq-p05-010.pddl.sas;201;181;75;71;0.024;data;ptt;../problems/floortile/seq-p05-010.pddl;201;181;75;71;0;data;max;../keps14/problems/floortile/seq-p05-010.pddl.sas;201;181;75;71;0.001;data;sat;../keps14/problems/floortile/seq-p05-010.pddl.sas;201;181;75;71;0.074;data;wmax;../keps14/problems/floortile/seq-p05-010.pddl.sas;201;181;75;71;0.01
data;ae;../keps14/problems/floortile/seq-p06-011.pddl.sas;190;190;75;75;0.014;data;gae;../keps14/problems/floortile/seq-p06-011.pddl.sas;190;190;75;75;0.012;data;ptt;../problems/floortile/seq-p06-011.pddl;190;190;75;75;0;data;max;../keps14/problems/floortile/seq-p06-011.pddl.sas;190;190;75;75;0.002;data;sat;../keps14/problems/floortile/seq-p06-011.pddl.sas;190;190;75;75;0.063;data;wmax;../keps14/problems/floortile/seq-p06-011.pddl.sas;190;190;75;75;0.01
data;ae;../keps14/problems/floortile/seq-p06-012.pddl.sas;201;201;82;82;0.015;data;gae;../keps14/problems/floortile/seq-p06-012.pddl.sas;201;201;82;82;0.013;data;ptt;../problems/floortile/seq-p06-012.pddl;201;201;82;82;0;data;max;../keps14/problems/floortile/seq-p06-012.pddl.sas;201;201;82;82;0.002;data;sat;../keps14/problems/floortile/seq-p06-012.pddl.sas;201;201;82;82;0.068;data;wmax;../keps14/problems/floortile/seq-p06-012.pddl.sas;201;201;82;82;0.01
data;ae;../keps14/problems/floortile/seq-p07-013.pddl.sas;233;231;95;93;0.015;data;gae;../keps14/problems/floortile/seq-p07-013.pddl.sas;233;231;95;93;0.024;data;ptt;../problems/floortile/seq-p07-013.pddl;233;231;95;93;0;data;max;../keps14/problems/floortile/seq-p07-013.pddl.sas;233;231;95;93;0.001;data;sat;../keps14/problems/floortile/seq-p07-013.pddl.sas;233;231;95;93;0.072;data;wmax;../keps14/problems/floortile/seq-p07-013.pddl.sas;233;231;95;93;0.01
data;ae;../keps14/problems/floortile/seq-p07-014.pddl.sas;251;251;97;97;0.016;data;gae;../keps14/problems/floortile/seq-p07-014.pddl.sas;251;251;97;97;0.016;data;ptt;../problems/floortile/seq-p07-014.pddl;251;251;97;97;0;data;max;../keps14/problems/floortile/seq-p07-014.pddl.sas;251;251;97;97;0;data;sat;../keps14/problems/floortile/seq-p07-014.pddl.sas;251;251;97;97;0.068;data;wmax;../keps14/problems/floortile/seq-p07-014.pddl.sas;251;251;97;97;0.01
data;ae;../keps14/problems/floortile/seq-p08-015.pddl.sas;313;301;125;121;0.023;data;gae;../keps14/problems/floortile/seq-p08-015.pddl.sas;313;301;125;121;0.024;data;ptt;../problems/floortile/seq-p08-015.pddl;313;301;125;121;.01;data;max;../keps14/problems/floortile/seq-p08-015.pddl.sas;313;301;125;121;0.004;data;sat;../keps14/problems/floortile/seq-p08-015.pddl.sas;313;301;125;121;0.102;data;wmax;../keps14/problems/floortile/seq-p08-015.pddl.sas;313;301;125;121;0.02
data;ae;../keps14/problems/floortile/seq-p08-016.pddl.sas;309;285;119;113;0.021;data;gae;../keps14/problems/floortile/seq-p08-016.pddl.sas;309;285;119;113;0.025;data;ptt;../problems/floortile/seq-p08-016.pddl;309;285;119;113;.01;data;max;../keps14/problems/floortile/seq-p08-016.pddl.sas;309;285;119;113;0.002;data;sat;../keps14/problems/floortile/seq-p08-016.pddl.sas;309;285;119;113;0.088;data;wmax;../keps14/problems/floortile/seq-p08-016.pddl.sas;309;285;119;113;0.02
data;ae;../keps14/problems/floortile/seq-p09-017.pddl.sas;362;340;140;134;0.026;data;gae;../keps14/problems/floortile/seq-p09-017.pddl.sas;362;340;140;134;0.033;data;ptt;../problems/floortile/seq-p09-017.pddl;362;340;140;134;.01;data;max;../keps14/problems/floortile/seq-p09-017.pddl.sas;362;340;140;134;0.004;data;sat;../keps14/problems/floortile/seq-p09-017.pddl.sas;362;340;140;134;0.103;data;wmax;../keps14/problems/floortile/seq-p09-017.pddl.sas;362;340;140;134;0.03
data;ae;../keps14/problems/floortile/seq-p09-018.pddl.sas;357;341;139;131;0.026;data;gae;../keps14/problems/floortile/seq-p09-018.pddl.sas;357;341;139;131;0.035;data;ptt;../problems/floortile/seq-p09-018.pddl;357;341;139;131;.01;data;max;../keps14/problems/floortile/seq-p09-018.pddl.sas;357;341;139;131;0.004;data;sat;../keps14/problems/floortile/seq-p09-018.pddl.sas;357;341;139;131;0.111;data;wmax;../keps14/problems/floortile/seq-p09-018.pddl.sas;357;341;139;131;0.02
data;ae;../keps14/problems/floortile/seq-p10-019.pddl.sas;422;422;165;165;0.029;data;gae;../keps14/problems/floortile/seq-p10-019.pddl.sas;422;422;165;165;0.029;data;ptt;../problems/floortile/seq-p10-019.pddl;422;422;165;165;.02;data;max;../keps14/problems/floortile/seq-p10-019.pddl.sas;422;422;165;165;0.005;data;sat;../keps14/problems/floortile/seq-p10-019.pddl.sas;422;422;165;165;0.088;data;wmax;../keps14/problems/floortile/seq-p10-019.pddl.sas;422;422;165;165;0.03
data;ae;../keps14/problems/floortile/seq-p10-020.pddl.sas;398;398;157;157;0.029;data;gae;../keps14/problems/floortile/seq-p10-020.pddl.sas;398;398;157;157;0.029;data;ptt;../problems/floortile/seq-p10-020.pddl;398;398;157;157;.01;data;max;../keps14/problems/floortile/seq-p10-020.pddl.sas;398;398;157;157;0.003;data;sat;../keps14/problems/floortile/seq-p10-020.pddl.sas;398;398;157;157;0.084;data;wmax;../keps14/problems/floortile/seq-p10-020.pddl.sas;398;398;157;157;0.03
data;ae;../keps14/problems/nomystery/p01.pddl.sas;20;20;20;20;0.001;data;gae;../keps14/problems/nomystery/p01.pddl.sas;20;20;20;20;0.001;data;ptt;../problems/nomystery/p01.pddl;20;20;20;20;.02;data;max;../keps14/problems/nomystery/p01.pddl.sas;20;20;20;20;0;data;sat;../keps14/problems/nomystery/p01.pddl.sas;20;20;20;20;0.035;data;wmax;../keps14/problems/nomystery/p01.pddl.sas;20;20;20;20;0.00
data;ae;../keps14/problems/nomystery/p02.pddl.sas;21;21;21;21;0.001;data;gae;../keps14/problems/nomystery/p02.pddl.sas;21;21;21;21;0.001;data;ptt;../problems/nomystery/p02.pddl;21;21;21;21;.03;data;max;../keps14/problems/nomystery/p02.pddl.sas;21;21;21;21;0;data;sat;../keps14/problems/nomystery/p02.pddl.sas;21;21;21;21;0.035;data;wmax;../keps14/problems/nomystery/p02.pddl.sas;21;21;21;21;0.00
data;ae;../keps14/problems/nomystery/p03.pddl.sas;29;29;29;29;0.002;data;gae;../keps14/problems/nomystery/p03.pddl.sas;29;29;29;29;0.002;data;ptt;../problems/nomystery/p03.pddl;29;29;29;29;.17;data;max;../keps14/problems/nomystery/p03.pddl.sas;29;29;29;29;0;data;sat;../keps14/problems/nomystery/p03.pddl.sas;29;29;29;29;0.038;data;wmax;../keps14/problems/nomystery/p03.pddl.sas;29;29;29;29;0.00
data;ae;../keps14/problems/nomystery/p04.pddl.sas;32;32;32;32;0.002;data;gae;../keps14/problems/nomystery/p04.pddl.sas;32;32;32;32;0.002;data;ptt;../problems/nomystery/p04.pddl;32;32;32;32;.38;data;max;../keps14/problems/nomystery/p04.pddl.sas;32;32;32;32;0;data;sat;../keps14/problems/nomystery/p04.pddl.sas;32;32;32;32;0.040;data;wmax;../keps14/problems/nomystery/p04.pddl.sas;32;32;32;32;0.00
data;ae;../keps14/problems/nomystery/p05.pddl.sas;40;40;40;40;0.003;data;gae;../keps14/problems/nomystery/p05.pddl.sas;40;40;40;40;0.002;data;ptt;../problems/nomystery/p05.pddl;40;40;40;40;.38;data;max;../keps14/problems/nomystery/p05.pddl.sas;40;40;40;40;0.001;data;sat;../keps14/problems/nomystery/p05.pddl.sas;40;40;40;40;0.040;data;wmax;../keps14/problems/nomystery/p05.pddl.sas;40;40;40;40;0.01
data;ae;../keps14/problems/nomystery/p06.pddl.sas;42;42;42;42;0.003;data;gae;../keps14/problems/nomystery/p06.pddl.sas;42;42;42;42;0.003;data;ptt;../problems/nomystery/p06.pddl;42;42;42;42;.38;data;max;../keps14/problems/nomystery/p06.pddl.sas;42;42;42;42;0.001;data;sat;../keps14/problems/nomystery/p06.pddl.sas;42;42;42;42;0.041;data;wmax;../keps14/problems/nomystery/p06.pddl.sas;42;42;42;42;0.01
data;ae;../keps14/problems/nomystery/p08.pddl.sas;44;44;44;44;0.003;data;gae;../keps14/problems/nomystery/p08.pddl.sas;44;44;44;44;0.003;data;ptt;../problems/nomystery/p08.pddl;44;44;44;44;.22;data;max;../keps14/problems/nomystery/p08.pddl.sas;44;44;44;44;0;data;sat;../keps14/problems/nomystery/p08.pddl.sas;44;44;44;44;0.040;data;wmax;../keps14/problems/nomystery/p08.pddl.sas;44;44;44;44;0.00
data;ae;../keps14/problems/nomystery/p11.pddl.sas;19;19;19;19;0.001;data;gae;../keps14/problems/nomystery/p11.pddl.sas;19;19;19;19;0.001;data;ptt;../problems/nomystery/p11.pddl;19;19;19;19;.01;data;max;../keps14/problems/nomystery/p11.pddl.sas;19;19;19;19;0;data;sat;../keps14/problems/nomystery/p11.pddl.sas;19;19;19;19;0.034;data;wmax;../keps14/problems/nomystery/p11.pddl.sas;19;19;19;19;0.00
data;ae;../keps14/problems/nomystery/p12.pddl.sas;21;21;21;21;0.001;data;gae;../keps14/problems/nomystery/p12.pddl.sas;21;21;21;21;0.001;data;ptt;../problems/nomystery/p12.pddl;21;21;21;21;.02;data;max;../keps14/problems/nomystery/p12.pddl.sas;21;21;21;21;0;data;sat;../keps14/problems/nomystery/p12.pddl.sas;21;21;21;21;0.036;data;wmax;../keps14/problems/nomystery/p12.pddl.sas;21;21;21;21;0.00
data;ae;../keps14/problems/nomystery/p13.pddl.sas;27;27;27;27;0.002;data;gae;../keps14/problems/nomystery/p13.pddl.sas;27;27;27;27;0.002;data;ptt;../problems/nomystery/p13.pddl;27;27;27;27;.07;data;max;../keps14/problems/nomystery/p13.pddl.sas;27;27;27;27;0;data;sat;../keps14/problems/nomystery/p13.pddl.sas;27;27;27;27;0.035;data;wmax;../keps14/problems/nomystery/p13.pddl.sas;27;27;27;27;0.00
data;ae;../keps14/problems/nomystery/p14.pddl.sas;28;28;28;28;0.002;data;gae;../keps14/problems/nomystery/p14.pddl.sas;28;28;28;28;0.002;data;ptt;../problems/nomystery/p14.pddl;28;28;28;28;.14;data;max;../keps14/problems/nomystery/p14.pddl.sas;28;28;28;28;0;data;sat;../keps14/problems/nomystery/p14.pddl.sas;28;28;28;28;0.035;data;wmax;../keps14/problems/nomystery/p14.pddl.sas;28;28;28;28;0.00
data;ae;../keps14/problems/nomystery/p15.pddl.sas;34;34;34;34;0.004;data;gae;../keps14/problems/nomystery/p15.pddl.sas;34;34;34;34;0.002;data;ptt;../problems/nomystery/p15.pddl;34;34;34;34;.15;data;max;../keps14/problems/nomystery/p15.pddl.sas;34;34;34;34;0;data;sat;../keps14/problems/nomystery/p15.pddl.sas;34;34;34;34;0.037;data;wmax;../keps14/problems/nomystery/p15.pddl.sas;34;34;34;34;0.00
data;ae;../keps14/problems/nomystery/p16.pddl.sas;36;36;36;36;0.002;data;gae;../keps14/problems/nomystery/p16.pddl.sas;36;36;36;36;0.002;data;ptt;../problems/nomystery/p16.pddl;36;36;36;36;.15;data;max;../keps14/problems/nomystery/p16.pddl.sas;36;36;36;36;0;data;sat;../keps14/problems/nomystery/p16.pddl.sas;36;36;36;36;0.036;data;wmax;../keps14/problems/nomystery/p16.pddl.sas;36;36;36;36;0.00
data;ae;../keps14/problems/nomystery/p18.pddl.sas;40;40;40;40;0.003;data;gae;../keps14/problems/nomystery/p18.pddl.sas;40;40;40;40;0.002;data;ptt;../problems/nomystery/p18.pddl;40;40;40;40;.09;data;max;../keps14/problems/nomystery/p18.pddl.sas;40;40;40;40;0.001;data;sat;../keps14/problems/nomystery/p18.pddl.sas;40;40;40;40;0.039;data;wmax;../keps14/problems/nomystery/p18.pddl.sas;40;40;40;40;0.00
data;ae;../keps14/problems/nomystery/p19.pddl.sas;47;47;47;47;0.004;data;gae;../keps14/problems/nomystery/p19.pddl.sas;47;47;47;47;0.003;data;ptt;../problems/nomystery/p19.pddl;47;47;47;47;.41;data;max;../keps14/problems/nomystery/p19.pddl.sas;47;47;47;47;0;data;sat;../keps14/problems/nomystery/p19.pddl.sas;47;47;47;47;0.039;data;wmax;../keps14/problems/nomystery/p19.pddl.sas;47;47;47;47;0.00
data;ae;../keps14/problems/parking/pfile08-031.pddl.sas;65;59;65;59;0.006;data;gae;../keps14/problems/parking/pfile08-031.pddl.sas;65;59;65;59;0.015;data;ptt;../problems/parking/pfile08-031.pddl;65;59;65;59;0;data;max;../keps14/problems/parking/pfile08-031.pddl.sas;65;59;65;59;0;data;sat;../keps14/problems/parking/pfile08-031.pddl.sas;65;59;65;59;0.072;data;wmax;../keps14/problems/parking/pfile08-031.pddl.sas;65;59;65;59;0.01
data;ae;../keps14/problems/parking/pfile08-032.pddl.sas;58;52;58;52;0.003;data;gae;../keps14/problems/parking/pfile08-032.pddl.sas;58;52;58;52;0.012;data;ptt;../problems/parking/pfile08-032.pddl;58;52;58;52;0;data;max;../keps14/problems/parking/pfile08-032.pddl.sas;58;52;58;52;0.003;data;sat;../keps14/problems/parking/pfile08-032.pddl.sas;58;52;58;52;0.068;data;wmax;../keps14/problems/parking/pfile08-032.pddl.sas;58;52;58;52;0.01
data;ae;../keps14/problems/parking/pfile09-033.pddl.sas;106;92;106;92;0.010;data;gae;../keps14/problems/parking/pfile09-033.pddl.sas;106;92;106;92;0.049;data;ptt;../problems/parking/pfile09-033.pddl;106;92;106;92;.01;data;max;../keps14/problems/parking/pfile09-033.pddl.sas;106;92;106;92;0.003;data;sat;../keps14/problems/parking/pfile09-033.pddl.sas;106;92;106;92;0.146;data;wmax;../keps14/problems/parking/pfile09-033.pddl.sas;106;92;106;92;0.03
data;ae;../keps14/problems/parking/pfile09-034.pddl.sas;102;86;102;86;0.007;data;gae;../keps14/problems/parking/pfile09-034.pddl.sas;102;86;102;86;0.038;data;ptt;../problems/parking/pfile09-034.pddl;102;86;102;86;.01;data;max;../keps14/problems/parking/pfile09-034.pddl.sas;102;86;102;86;0.004;data;sat;../keps14/problems/parking/pfile09-034.pddl.sas;102;86;102;86;0.160;data;wmax;../keps14/problems/parking/pfile09-034.pddl.sas;102;86;102;86;0.02
data;ae;../keps14/problems/parking/pfile09-035.pddl.sas;71;69;71;69;0.004;data;gae;../keps14/problems/parking/pfile09-035.pddl.sas;71;69;71;69;0.007;data;ptt;../problems/parking/pfile09-035.pddl;71;69;71;69;0;data;max;../keps14/problems/parking/pfile09-035.pddl.sas;71;69;71;69;0.001;data;sat;../keps14/problems/parking/pfile09-035.pddl.sas;71;69;71;69;0.089;data;wmax;../keps14/problems/parking/pfile09-035.pddl.sas;71;69;71;69;0.01
data;ae;../keps14/problems/parking/pfile09-036.pddl.sas;71;65;71;65;0.004;data;gae;../keps14/problems/parking/pfile09-036.pddl.sas;71;65;71;65;0.015;data;ptt;../problems/parking/pfile09-036.pddl;71;65;71;65;.01;data;max;../keps14/problems/parking/pfile09-036.pddl.sas;71;65;71;65;0;data;sat;../keps14/problems/parking/pfile09-036.pddl.sas;71;65;71;65;0.091;data;wmax;../keps14/problems/parking/pfile09-036.pddl.sas;71;65;71;65;0.01
data;ae;../keps14/problems/parking/pfile10-037.pddl.sas;110;100;110;100;0.008;data;gae;../keps14/problems/parking/pfile10-037.pddl.sas;110;100;110;100;0.020;data;ptt;../problems/parking/pfile10-037.pddl;110;100;110;100;.01;data;max;../keps14/problems/parking/pfile10-037.pddl.sas;110;100;110;100;0.004;data;sat;../keps14/problems/parking/pfile10-037.pddl.sas;110;100;110;100;0.114;data;wmax;../keps14/problems/parking/pfile10-037.pddl.sas;110;100;110;100;0.03
data;ae;../keps14/problems/parking/pfile10-038.pddl.sas;70;68;70;68;0.004;data;gae;../keps14/problems/parking/pfile10-038.pddl.sas;70;68;70;68;0.006;data;ptt;../problems/parking/pfile10-038.pddl;70;68;70;68;.01;data;max;../keps14/problems/parking/pfile10-038.pddl.sas;70;68;70;68;0.003;data;sat;../keps14/problems/parking/pfile10-038.pddl.sas;70;68;70;68;0.065;data;wmax;../keps14/problems/parking/pfile10-038.pddl.sas;70;68;70;68;0.01
data;ae;../keps14/problems/parking/pfile10-039.pddl.sas;84;74;84;74;0.005;data;gae;../keps14/problems/parking/pfile10-039.pddl.sas;84;74;84;74;0.017;data;ptt;../problems/parking/pfile10-039.pddl;84;74;84;74;.01;data;max;../keps14/problems/parking/pfile10-039.pddl.sas;84;74;84;74;0.004;data;sat;../keps14/problems/parking/pfile10-039.pddl.sas;84;74;84;74;0.091;data;wmax;../keps14/problems/parking/pfile10-039.pddl.sas;84;74;84;74;0.01
data;ae;../keps14/problems/parking/pfile10-040.pddl.sas;94;84;94;84;0.006;data;gae;../keps14/problems/parking/pfile10-040.pddl.sas;94;84;94;84;0.018;data;ptt;../problems/parking/pfile10-040.pddl;94;84;94;84;.01;data;max;../keps14/problems/parking/pfile10-040.pddl.sas;94;84;94;84;0.002;data;sat;../keps14/problems/parking/pfile10-040.pddl.sas;94;84;94;84;0.101;data;wmax;../keps14/problems/parking/pfile10-040.pddl.sas;94;84;94;84;0.02
data;ae;../keps14/problems/parking/pfile11-041.pddl.sas;73;73;73;73;0.004;data;gae;../keps14/problems/parking/pfile11-041.pddl.sas;73;73;73;73;0.004;data;ptt;../problems/parking/pfile11-041.pddl;73;73;73;73;0;data;max;../keps14/problems/parking/pfile11-041.pddl.sas;73;73;73;73;0;data;sat;../keps14/problems/parking/pfile11-041.pddl.sas;73;73;73;73;0.061;data;wmax;../keps14/problems/parking/pfile11-041.pddl.sas;73;73;73;73;0.01
data;ae;../keps14/problems/parking/pfile11-042.pddl.sas;87;87;87;87;0.007;data;gae;../keps14/problems/parking/pfile11-042.pddl.sas;87;87;87;87;0.005;data;ptt;../problems/parking/pfile11-042.pddl;87;87;87;87;0;data;max;../keps14/problems/parking/pfile11-042.pddl.sas;87;87;87;87;0.001;data;sat;../keps14/problems/parking/pfile11-042.pddl.sas;87;87;87;87;0.060;data;wmax;../keps14/problems/parking/pfile11-042.pddl.sas;87;87;87;87;0.01
data;ae;../keps14/problems/parking/pfile11-043.pddl.sas;118;108;118;108;0.010;data;gae;../keps14/problems/parking/pfile11-043.pddl.sas;118;108;118;108;0.026;data;ptt;../problems/parking/pfile11-043.pddl;118;108;118;108;.01;data;max;../keps14/problems/parking/pfile11-043.pddl.sas;118;108;118;108;0.004;data;sat;../keps14/problems/parking/pfile11-043.pddl.sas;118;108;118;108;0.113;data;wmax;../keps14/problems/parking/pfile11-043.pddl.sas;118;108;118;108;0.02
data;ae;../keps14/problems/parking/pfile11-044.pddl.sas;105;101;105;101;0.007;data;gae;../keps14/problems/parking/pfile11-044.pddl.sas;105;101;105;101;0.017;data;ptt;../problems/parking/pfile11-044.pddl;105;101;105;101;.01;data;max;../keps14/problems/parking/pfile11-044.pddl.sas;105;101;105;101;0.002;data;sat;../keps14/problems/parking/pfile11-044.pddl.sas;105;101;105;101;0.087;data;wmax;../keps14/problems/parking/pfile11-044.pddl.sas;105;101;105;101;0.02
data;ae;../keps14/problems/parking/pfile12-045.pddl.sas;127;107;127;107;0.014;data;gae;../keps14/problems/parking/pfile12-045.pddl.sas;127;107;127;107;0.029;data;ptt;../problems/parking/pfile12-045.pddl;127;107;127;107;.01;data;max;../keps14/problems/parking/pfile12-045.pddl.sas;127;107;127;107;0.006;data;sat;../keps14/problems/parking/pfile12-045.pddl.sas;127;107;127;107;0.179;data;wmax;../keps14/problems/parking/pfile12-045.pddl.sas;127;107;127;107;0.04
data;ae;../keps14/problems/parking/pfile12-046.pddl.sas;91;89;91;89;0.007;data;gae;../keps14/problems/parking/pfile12-046.pddl.sas;91;89;91;89;0.014;data;ptt;../problems/parking/pfile12-046.pddl;91;89;91;89;.01;data;max;../keps14/problems/parking/pfile12-046.pddl.sas;91;89;91;89;0.002;data;sat;../keps14/problems/parking/pfile12-046.pddl.sas;91;89;91;89;0.068;data;wmax;../keps14/problems/parking/pfile12-046.pddl.sas;91;89;91;89;0.01
data;ae;../keps14/problems/parking/pfile12-047.pddl.sas;119;111;119;111;0.012;data;gae;../keps14/problems/parking/pfile12-047.pddl.sas;119;111;119;111;0.017;data;ptt;../problems/parking/pfile12-047.pddl;119;111;119;111;.02;data;max;../keps14/problems/parking/pfile12-047.pddl.sas;119;111;119;111;0.003;data;sat;../keps14/problems/parking/pfile12-047.pddl.sas;119;111;119;111;0.101;data;wmax;../keps14/problems/parking/pfile12-047.pddl.sas;119;111;119;111;0.02
data;ae;../keps14/problems/parking/pfile12-048.pddl.sas;112;86;112;86;0.008;data;gae;../keps14/problems/parking/pfile12-048.pddl.sas;112;86;112;86;0.026;data;ptt;../problems/parking/pfile12-048.pddl;112;86;112;86;.01;data;max;../keps14/problems/parking/pfile12-048.pddl.sas;112;86;112;86;0.004;data;sat;../keps14/problems/parking/pfile12-048.pddl.sas;112;86;112;86;0.196;data;wmax;../keps14/problems/parking/pfile12-048.pddl.sas;112;86;112;86;0.03
data;ae;../keps14/problems/pegsol/p01.pddl.sas;12;12;26;26;0.002;data;gae;../keps14/problems/pegsol/p01.pddl.sas;12;12;26;26;0.002;data;ptt;../problems/pegsol/p01.pddl;12;12;26;26;0;data;max;../keps14/problems/pegsol/p01.pddl.sas;12;12;26;26;0;data;sat;../keps14/problems/pegsol/p01.pddl.sas;12;12;26;26;0.050;data;wmax;../keps14/problems/pegsol/p01.pddl.sas;12;12;26;26;0.01
data;ae;../keps14/problems/pegsol/p02.pddl.sas;11;11;25;25;0.004;data;gae;../keps14/problems/pegsol/p02.pddl.sas;11;11;25;25;0.002;data;ptt;../problems/pegsol/p02.pddl;11;11;25;25;0;data;max;../keps14/problems/pegsol/p02.pddl.sas;11;11;25;25;0;data;sat;../keps14/problems/pegsol/p02.pddl.sas;11;11;25;25;0.049;data;wmax;../keps14/problems/pegsol/p02.pddl.sas;11;11;25;25;0.00
data;ae;../keps14/problems/pegsol/p03.pddl.sas;12;12;26;26;0.002;data;gae;../keps14/problems/pegsol/p03.pddl.sas;12;12;26;26;0.002;data;ptt;../problems/pegsol/p03.pddl;12;12;26;26;0;data;max;../keps14/problems/pegsol/p03.pddl.sas;12;12;26;26;0;data;sat;../keps14/problems/pegsol/p03.pddl.sas;12;12;26;26;0.050;data;wmax;../keps14/problems/pegsol/p03.pddl.sas;12;12;26;26;0.01
data;ae;../keps14/problems/pegsol/p05.pddl.sas;13;13;27;27;0.002;data;gae;../keps14/problems/pegsol/p05.pddl.sas;13;13;27;27;0.002;data;ptt;../problems/pegsol/p05.pddl;13;13;27;27;0;data;max;../keps14/problems/pegsol/p05.pddl.sas;13;13;27;27;0;data;sat;../keps14/problems/pegsol/p05.pddl.sas;13;13;27;27;0.051;data;wmax;../keps14/problems/pegsol/p05.pddl.sas;13;13;27;27;0.01
data;ae;../keps14/problems/pegsol/p06.pddl.sas;11;11;25;25;0.002;data;gae;../keps14/problems/pegsol/p06.pddl.sas;11;11;25;25;0.002;data;ptt;../problems/pegsol/p06.pddl;11;11;25;25;0;data;max;../keps14/problems/pegsol/p06.pddl.sas;11;11;25;25;0.001;data;sat;../keps14/problems/pegsol/p06.pddl.sas;11;11;25;25;0.049;data;wmax;../keps14/problems/pegsol/p06.pddl.sas;11;11;25;25;0.01
data;ae;../keps14/problems/pegsol/p07.pddl.sas;14;14;29;29;0.002;data;gae;../keps14/problems/pegsol/p07.pddl.sas;14;14;29;29;0.002;data;ptt;../problems/pegsol/p07.pddl;14;14;29;29;0;data;max;../keps14/problems/pegsol/p07.pddl.sas;14;14;29;29;0;data;sat;../keps14/problems/pegsol/p07.pddl.sas;14;14;29;29;0.058;data;wmax;../keps14/problems/pegsol/p07.pddl.sas;14;14;29;29;0.01
data;ae;../keps14/problems/pegsol/p08.pddl.sas;14;14;29;29;0.003;data;gae;../keps14/problems/pegsol/p08.pddl.sas;14;14;29;29;0.002;data;ptt;../problems/pegsol/p08.pddl;14;14;29;29;0;data;max;../keps14/problems/pegsol/p08.pddl.sas;14;14;29;29;0.001;data;sat;../keps14/problems/pegsol/p08.pddl.sas;14;14;29;29;0.055;data;wmax;../keps14/problems/pegsol/p08.pddl.sas;14;14;29;29;0.01
data;ae;../keps14/problems/pegsol/p09.pddl.sas;15;15;32;32;0.003;data;gae;../keps14/problems/pegsol/p09.pddl.sas;15;15;32;32;0.002;data;ptt;../problems/pegsol/p09.pddl;15;15;32;32;0;data;max;../keps14/problems/pegsol/p09.pddl.sas;15;15;32;32;0.001;data;sat;../keps14/problems/pegsol/p09.pddl.sas;15;15;32;32;0.060;data;wmax;../keps14/problems/pegsol/p09.pddl.sas;15;15;32;32;0.01
data;ae;../keps14/problems/pegsol/p10.pddl.sas;11;11;26;26;0.002;data;gae;../keps14/problems/pegsol/p10.pddl.sas;11;11;26;26;0.004;data;ptt;../problems/pegsol/p10.pddl;11;11;26;26;0;data;max;../keps14/problems/pegsol/p10.pddl.sas;11;11;26;26;0;data;sat;../keps14/problems/pegsol/p10.pddl.sas;11;11;26;26;0.051;data;wmax;../keps14/problems/pegsol/p10.pddl.sas;11;11;26;26;0.00
data;ae;../keps14/problems/pegsol/p11.pddl.sas;13;13;28;28;0.002;data;gae;../keps14/problems/pegsol/p11.pddl.sas;13;13;28;28;0.002;data;ptt;../problems/pegsol/p11.pddl;13;13;28;28;0;data;max;../keps14/problems/pegsol/p11.pddl.sas;13;13;28;28;0;data;sat;../keps14/problems/pegsol/p11.pddl.sas;13;13;28;28;0.056;data;wmax;../keps14/problems/pegsol/p11.pddl.sas;13;13;28;28;0.01
data;ae;../keps14/problems/pegsol/p12.pddl.sas;15;15;31;31;0.003;data;gae;../keps14/problems/pegsol/p12.pddl.sas;15;15;31;31;0.002;data;ptt;../problems/pegsol/p12.pddl;15;15;31;31;0;data;max;../keps14/problems/pegsol/p12.pddl.sas;15;15;31;31;0;data;sat;../keps14/problems/pegsol/p12.pddl.sas;15;15;31;31;0.058;data;wmax;../keps14/problems/pegsol/p12.pddl.sas;15;15;31;31;0.01
data;ae;../keps14/problems/pegsol/p13.pddl.sas;11;11;23;23;0.002;data;gae;../keps14/problems/pegsol/p13.pddl.sas;11;11;23;23;0.002;data;ptt;../problems/pegsol/p13.pddl;11;11;23;23;0;data;max;../keps14/problems/pegsol/p13.pddl.sas;11;11;23;23;0;data;sat;../keps14/problems/pegsol/p13.pddl.sas;11;11;23;23;0.048;data;wmax;../keps14/problems/pegsol/p13.pddl.sas;11;11;23;23;0.01
data;ae;../keps14/problems/pegsol/p14.pddl.sas;16;16;33;33;0.003;data;gae;../keps14/problems/pegsol/p14.pddl.sas;16;16;33;33;0.003;data;ptt;../problems/pegsol/p14.pddl;16;16;33;33;0;data;max;../keps14/problems/pegsol/p14.pddl.sas;16;16;33;33;0.001;data;sat;../keps14/problems/pegsol/p14.pddl.sas;16;16;33;33;0.060;data;wmax;../keps14/problems/pegsol/p14.pddl.sas;16;16;33;33;0.01
data;ae;../keps14/problems/pegsol/p15.pddl.sas;12;12;25;25;0.002;data;gae;../keps14/problems/pegsol/p15.pddl.sas;12;12;25;25;0.002;data;ptt;../problems/pegsol/p15.pddl;12;12;25;25;0;data;max;../keps14/problems/pegsol/p15.pddl.sas;12;12;25;25;0.001;data;sat;../keps14/problems/pegsol/p15.pddl.sas;12;12;25;25;0.050;data;wmax;../keps14/problems/pegsol/p15.pddl.sas;12;12;25;25;0.01
data;ae;../keps14/problems/pegsol/p16.pddl.sas;17;17;35;35;0.003;data;gae;../keps14/problems/pegsol/p16.pddl.sas;17;17;35;35;0.003;data;ptt;../problems/pegsol/p16.pddl;17;17;35;35;0;data;max;../keps14/problems/pegsol/p16.pddl.sas;17;17;35;35;0.001;data;sat;../keps14/problems/pegsol/p16.pddl.sas;17;17;35;35;0.064;data;wmax;../keps14/problems/pegsol/p16.pddl.sas;17;17;35;35;0.02
data;ae;../keps14/problems/pegsol/p17.pddl.sas;16;16;37;37;0.003;data;gae;../keps14/problems/pegsol/p17.pddl.sas;16;16;37;37;0.003;data;ptt;../problems/pegsol/p17.pddl;16;16;37;37;0;data;max;../keps14/problems/pegsol/p17.pddl.sas;16;16;37;37;0;data;sat;../keps14/problems/pegsol/p17.pddl.sas;16;16;37;37;0.066;data;wmax;../keps14/problems/pegsol/p17.pddl.sas;16;16;37;37;0.02
data;ae;../keps14/problems/pegsol/p18.pddl.sas;20;20;43;43;0.004;data;gae;../keps14/problems/pegsol/p18.pddl.sas;20;20;43;43;0.004;data;ptt;../problems/pegsol/p18.pddl;20;20;43;43;0;data;max;../keps14/problems/pegsol/p18.pddl.sas;20;20;43;43;0;data;sat;../keps14/problems/pegsol/p18.pddl.sas;20;20;43;43;0.094;data;wmax;../keps14/problems/pegsol/p18.pddl.sas;20;20;43;43;0.03
data;ae;../keps14/problems/pegsol/p19.pddl.sas;20;20;46;46;0.004;data;gae;../keps14/problems/pegsol/p19.pddl.sas;20;20;46;46;0.004;data;ptt;../problems/pegsol/p19.pddl;20;20;46;46;0;data;max;../keps14/problems/pegsol/p19.pddl.sas;20;20;46;46;0.002;data;sat;../keps14/problems/pegsol/p19.pddl.sas;20;20;46;46;0.083;data;wmax;../keps14/problems/pegsol/p19.pddl.sas;20;20;46;46;0.02
data;ae;../keps14/problems/pegsol/p20.pddl.sas;27;27;57;57;0.008;data;gae;../keps14/problems/pegsol/p20.pddl.sas;27;27;57;57;0.006;data;ptt;../problems/pegsol/p20.pddl;27;27;57;57;0;data;max;../keps14/problems/pegsol/p20.pddl.sas;27;27;57;57;0.004;data;sat;../keps14/problems/pegsol/p20.pddl.sas;27;27;57;57;0.114;data;wmax;../keps14/problems/pegsol/p20.pddl.sas;27;27;57;57;0.05
data;ae;../keps14/problems/scanalyzer/p01.pddl.sas;26;26;10;10;0.000;data;gae;../keps14/problems/scanalyzer/p01.pddl.sas;26;26;10;10;0.000;data;ptt;../problems/scanalyzer/p01.pddl;26;26;10;10;0;data;max;../keps14/problems/scanalyzer/p01.pddl.sas;26;26;10;10;0;data;sat;../keps14/problems/scanalyzer/p01.pddl.sas;26;26;10;10;0.033;data;wmax;../keps14/problems/scanalyzer/p01.pddl.sas;26;26;10;10;0.00
data;ae;../keps14/problems/scanalyzer/p02.pddl.sas;36;36;12;12;0.001;data;gae;../keps14/problems/scanalyzer/p02.pddl.sas;36;36;12;12;0.001;data;ptt;../problems/scanalyzer/p02.pddl;36;36;12;12;0;data;max;../keps14/problems/scanalyzer/p02.pddl.sas;36;36;12;12;0;data;sat;../keps14/problems/scanalyzer/p02.pddl.sas;36;36;12;12;0.039;data;wmax;../keps14/problems/scanalyzer/p02.pddl.sas;36;36;12;12;0.00
data;ae;../keps14/problems/scanalyzer/p03.pddl.sas;58;58;42;42;0.003;data;gae;../keps14/problems/scanalyzer/p03.pddl.sas;58;58;42;42;0.003;data;ptt;../problems/scanalyzer/p03.pddl;58;58;42;42;0;data;max;../keps14/problems/scanalyzer/p03.pddl.sas;58;58;42;42;0.001;data;sat;../keps14/problems/scanalyzer/p03.pddl.sas;58;58;42;42;0.045;data;wmax;../keps14/problems/scanalyzer/p03.pddl.sas;58;58;42;42;0.01
data;ae;../keps14/problems/scanalyzer/p04.pddl.sas;86;80;66;60;0.005;data;gae;../keps14/problems/scanalyzer/p04.pddl.sas;86;80;66;60;0.018;data;ptt;../problems/scanalyzer/p04.pddl;86;86;66;66;0;data;max;../keps14/problems/scanalyzer/p04.pddl.sas;86;80;66;60;0.001;data;sat;../keps14/problems/scanalyzer/p04.pddl.sas;86;80;66;60;0.068;data;wmax;../keps14/problems/scanalyzer/p04.pddl.sas;86;80;66;60;0.01
data;ae;../keps14/problems/scanalyzer/p05.pddl.sas;42;42;14;14;0.001;data;gae;../keps14/problems/scanalyzer/p05.pddl.sas;42;42;14;14;0.001;data;ptt;../problems/scanalyzer/p05.pddl;42;42;14;14;0;data;max;../keps14/problems/scanalyzer/p05.pddl.sas;42;42;14;14;0;data;sat;../keps14/problems/scanalyzer/p05.pddl.sas;42;42;14;14;0.038;data;wmax;../keps14/problems/scanalyzer/p05.pddl.sas;42;42;14;14;0.00
data;ae;../keps14/problems/scanalyzer/p06.pddl.sas;36;36;18;18;0.001;data;gae;../keps14/problems/scanalyzer/p06.pddl.sas;36;36;18;18;0.001;data;ptt;../problems/scanalyzer/p06.pddl;36;36;18;18;0;data;max;../keps14/problems/scanalyzer/p06.pddl.sas;36;36;18;18;0;data;sat;../keps14/problems/scanalyzer/p06.pddl.sas;36;36;18;18;0.037;data;wmax;../keps14/problems/scanalyzer/p06.pddl.sas;36;36;18;18;0.00
data;ae;../keps14/problems/scanalyzer/p07.pddl.sas;48;48;16;16;0.001;data;gae;../keps14/problems/scanalyzer/p07.pddl.sas;48;48;16;16;0.001;data;ptt;../problems/scanalyzer/p07.pddl;48;48;16;16;0;data;max;../keps14/problems/scanalyzer/p07.pddl.sas;48;48;16;16;0;data;sat;../keps14/problems/scanalyzer/p07.pddl.sas;48;48;16;16;0.032;data;wmax;../keps14/problems/scanalyzer/p07.pddl.sas;48;48;16;16;0.00
data;ae;../keps14/problems/scanalyzer/p08.pddl.sas;40;40;22;22;0.001;data;gae;../keps14/problems/scanalyzer/p08.pddl.sas;40;40;22;22;0.001;data;ptt;../problems/scanalyzer/p08.pddl;40;40;22;22;0;data;max;../keps14/problems/scanalyzer/p08.pddl.sas;40;40;22;22;0;data;sat;../keps14/problems/scanalyzer/p08.pddl.sas;40;40;22;22;0.041;data;wmax;../keps14/problems/scanalyzer/p08.pddl.sas;40;40;22;22;0.01
data;ae;../keps14/problems/scanalyzer/p09.pddl.sas;124;106;100;82;0.010;data;gae;../keps14/problems/scanalyzer/p09.pddl.sas;124;102;100;78;0.027;data;ptt;../problems/scanalyzer/p09.pddl;124;124;100;100;0;data;max;../keps14/problems/scanalyzer/p09.pddl.sas;124;102;100;78;0.001;data;sat;../keps14/problems/scanalyzer/p09.pddl.sas;124;106;100;82;0.099;data;wmax;../keps14/problems/scanalyzer/p09.pddl.sas;124;102;100;78;0.02
data;ae;../keps14/problems/scanalyzer/p10.pddl.sas;82;74;54;46;0.004;data;gae;../keps14/problems/scanalyzer/p10.pddl.sas;82;74;54;46;0.016;data;ptt;../problems/scanalyzer/p10.pddl;82;82;54;54;0;data;max;../keps14/problems/scanalyzer/p10.pddl.sas;82;74;54;46;0;data;sat;../keps14/problems/scanalyzer/p10.pddl.sas;82;74;54;46;0.057;data;wmax;../keps14/problems/scanalyzer/p10.pddl.sas;82;74;54;46;0.01
data;ae;../keps14/problems/scanalyzer/p11.pddl.sas;194;164;166;136;0.033;data;gae;../keps14/problems/scanalyzer/p11.pddl.sas;194;164;166;136;0.065;data;ptt;../problems/scanalyzer/p11.pddl;194;194;166;166;.01;data;max;../keps14/problems/scanalyzer/p11.pddl.sas;194;164;166;136;0.006;data;sat;../keps14/problems/scanalyzer/p11.pddl.sas;194;164;166;136;0.194;data;wmax;../keps14/problems/scanalyzer/p11.pddl.sas;194;164;166;136;0.04
data;ae;../keps14/problems/scanalyzer/p12.pddl.sas;88;76;64;52;0.007;data;gae;../keps14/problems/scanalyzer/p12.pddl.sas;88;76;64;52;0.017;data;ptt;../problems/scanalyzer/p12.pddl;88;88;64;64;0;data;max;../keps14/problems/scanalyzer/p12.pddl.sas;88;76;64;52;0;data;sat;../keps14/problems/scanalyzer/p12.pddl.sas;88;76;64;52;0.065;data;wmax;../keps14/problems/scanalyzer/p12.pddl.sas;88;76;64;52;0.01
data;ae;../keps14/problems/scanalyzer/p13.pddl.sas;42;40;22;20;0.001;data;gae;../keps14/problems/scanalyzer/p13.pddl.sas;42;40;22;20;0.002;data;ptt;../problems/scanalyzer/p13.pddl;42;42;22;22;0;data;max;../keps14/problems/scanalyzer/p13.pddl.sas;42;40;22;20;0;data;sat;../keps14/problems/scanalyzer/p13.pddl.sas;42;40;22;20;0.041;data;wmax;../keps14/problems/scanalyzer/p13.pddl.sas;42;40;22;20;0.00
data;ae;../keps14/problems/scanalyzer/p14.pddl.sas;140;126;108;94;0.011;data;gae;../keps14/problems/scanalyzer/p14.pddl.sas;140;126;108;94;0.057;data;ptt;../problems/scanalyzer/p14.pddl;140;140;108;108;.01;data;max;../keps14/problems/scanalyzer/p14.pddl.sas;140;126;108;94;0.002;data;sat;../keps14/problems/scanalyzer/p14.pddl.sas;140;126;108;94;0.095;data;wmax;../keps14/problems/scanalyzer/p14.pddl.sas;140;126;108;94;0.01
data;ae;../keps14/problems/scanalyzer/p15.pddl.sas;248;204;214;170;0.053;data;gae;../keps14/problems/scanalyzer/p15.pddl.sas;248;204;214;170;0.094;data;ptt;../problems/scanalyzer/p15.pddl;248;248;214;214;.01;data;max;../keps14/problems/scanalyzer/p15.pddl.sas;248;204;214;170;0.009;data;sat;../keps14/problems/scanalyzer/p15.pddl.sas;248;204;214;170;0.265;data;wmax;../keps14/problems/scanalyzer/p15.pddl.sas;248;204;214;170;0.05
data;ae;../keps14/problems/scanalyzer/p16.pddl.sas;192;156;156;120;0.023;data;gae;../keps14/problems/scanalyzer/p16.pddl.sas;192;156;156;120;0.054;data;ptt;../problems/scanalyzer/p16.pddl;192;192;156;156;.01;data;max;../keps14/problems/scanalyzer/p16.pddl.sas;192;156;156;120;0.007;data;sat;../keps14/problems/scanalyzer/p16.pddl.sas;192;156;156;120;0.164;data;wmax;../keps14/problems/scanalyzer/p16.pddl.sas;192;156;156;120;0.03
data;ae;../keps14/problems/scanalyzer/p17.pddl.sas;322;260;286;224;0.043;data;gae;../keps14/problems/scanalyzer/p17.pddl.sas;322;260;286;224;0.090;data;ptt;../problems/scanalyzer/p17.pddl;322;322;286;286;.02;data;max;../keps14/problems/scanalyzer/p17.pddl.sas;322;260;286;224;0.009;data;sat;../keps14/problems/scanalyzer/p17.pddl.sas;322;260;286;224;0.299;data;wmax;../keps14/problems/scanalyzer/p17.pddl.sas;322;260;286;224;0.10
data;ae;../keps14/problems/scanalyzer/p19.pddl.sas;71;71;47;47;0.002;data;gae;../keps14/problems/scanalyzer/p19.pddl.sas;71;71;47;47;0.002;data;ptt;../problems/scanalyzer/p19.pddl;71;71;47;47;0;data;max;../keps14/problems/scanalyzer/p19.pddl.sas;71;71;47;47;0.001;data;sat;../keps14/problems/scanalyzer/p19.pddl.sas;71;71;47;47;0.055;data;wmax;../keps14/problems/scanalyzer/p19.pddl.sas;71;71;47;47;0.01
data;ae;../keps14/problems/sokoban/p07.pddl.sas;33;33;121;99;0.018;data;gae;../keps14/problems/sokoban/p07.pddl.sas;33;33;121;99;0.037;data;ptt;../problems/sokoban/p07.pddl;33;33;121;99;.02;data;max;../keps14/problems/sokoban/p07.pddl.sas;33;33;121;99;0.013;data;sat;../keps14/problems/sokoban/p07.pddl.sas;33;33;121;99;0.260;data;wmax;../keps14/problems/sokoban/p07.pddl.sas;33;33;121;101;0.19
data;ae;../keps14/problems/tidybot/p01.pddl.sas;0;0;99;89;0.011;data;gae;../keps14/problems/tidybot/p01.pddl.sas;0;0;99;89;0.024;data;ptt;../problems/tidybot/p01.pddl;99;99;99;99;0;data;max;../keps14/problems/tidybot/p01.pddl.sas;0;0;99;89;0.004;data;sat;../keps14/problems/tidybot/p01.pddl.sas;0;0;99;89;0.139;data;wmax;../keps14/problems/tidybot/p01.pddl.sas;0;0;99;93;0.03
data;ae;../keps14/problems/tidybot/p02.pddl.sas;0;0;102;62;0.008;data;gae;../keps14/problems/tidybot/p02.pddl.sas;0;0;102;62;0.028;data;ptt;../problems/tidybot/p02.pddl;102;102;102;102;0;data;max;../keps14/problems/tidybot/p02.pddl.sas;0;0;102;62;0.01;data;sat;../keps14/problems/tidybot/p02.pddl.sas;0;0;102;62;0.204;data;wmax;../keps14/problems/tidybot/p02.pddl.sas;0;0;102;76;0.04
data;ae;../keps14/problems/tidybot/p03.pddl.sas;0;0;34;32;0.002;data;gae;../keps14/problems/tidybot/p03.pddl.sas;0;0;34;32;0.003;data;ptt;../problems/tidybot/p03.pddl;34;34;34;34;0;data;max;../keps14/problems/tidybot/p03.pddl.sas;0;0;34;32;0.001;data;sat;../keps14/problems/tidybot/p03.pddl.sas;0;0;34;32;0.045;data;wmax;../keps14/problems/tidybot/p03.pddl.sas;0;0;34;32;0.00
data;ae;../keps14/problems/tidybot/p04.pddl.sas;0;0;28;24;0.001;data;gae;../keps14/problems/tidybot/p04.pddl.sas;0;0;28;24;0.005;data;ptt;../problems/tidybot/p04.pddl;28;28;28;28;0;data;max;../keps14/problems/tidybot/p04.pddl.sas;0;0;28;24;0.001;data;sat;../keps14/problems/tidybot/p04.pddl.sas;0;0;28;24;0.040;data;wmax;../keps14/problems/tidybot/p04.pddl.sas;0;0;28;26;0.00
data;ae;../keps14/problems/tidybot/p05.pddl.sas;0;0;83;47;0.005;data;gae;../keps14/problems/tidybot/p05.pddl.sas;0;0;83;47;0.028;data;ptt;../problems/tidybot/p05.pddl;83;83;83;83;0;data;max;../keps14/problems/tidybot/p05.pddl.sas;0;0;83;47;0.01;data;sat;../keps14/problems/tidybot/p05.pddl.sas;0;0;83;47;0.192;data;wmax;../keps14/problems/tidybot/p05.pddl.sas;0;0;83;61;0.02
data;ae;../keps14/problems/tidybot/p07.pddl.sas;0;0;55;45;0.004;data;gae;../keps14/problems/tidybot/p07.pddl.sas;0;0;55;45;0.017;data;ptt;../problems/tidybot/p07.pddl;55;55;55;55;0;data;max;../keps14/problems/tidybot/p07.pddl.sas;0;0;55;45;0.001;data;sat;../keps14/problems/tidybot/p07.pddl.sas;0;0;55;45;0.076;data;wmax;../keps14/problems/tidybot/p07.pddl.sas;0;0;55;53;0.01
data;ae;../keps14/problems/tidybot/p08.pddl.sas;0;0;36;32;0.002;data;gae;../keps14/problems/tidybot/p08.pddl.sas;0;0;36;32;0.004;data;ptt;../problems/tidybot/p08.pddl;36;36;36;36;0;data;max;../keps14/problems/tidybot/p08.pddl.sas;0;0;36;32;0.001;data;sat;../keps14/problems/tidybot/p08.pddl.sas;0;0;36;32;0.049;data;wmax;../keps14/problems/tidybot/p08.pddl.sas;0;0;36;32;0.01
data;ae;../keps14/problems/tidybot/p09.pddl.sas;0;0;60;50;0.004;data;gae;../keps14/problems/tidybot/p09.pddl.sas;0;0;60;50;0.018;data;ptt;../problems/tidybot/p09.pddl;60;60;60;60;0;data;max;../keps14/problems/tidybot/p09.pddl.sas;0;0;60;50;0.001;data;sat;../keps14/problems/tidybot/p09.pddl.sas;0;0;60;50;0.086;data;wmax;../keps14/problems/tidybot/p09.pddl.sas;0;0;60;58;0.01
data;ae;../keps14/problems/tidybot/p10.pddl.sas;0;0;90;76;0.009;data;gae;../keps14/problems/tidybot/p10.pddl.sas;0;0;90;76;0.025;data;ptt;../problems/tidybot/p10.pddl;90;90;90;90;.01;data;max;../keps14/problems/tidybot/p10.pddl.sas;0;0;90;76;0.003;data;sat;../keps14/problems/tidybot/p10.pddl.sas;0;0;90;76;0.135;data;wmax;../keps14/problems/tidybot/p10.pddl.sas;0;0;90;84;0.03
data;ae;../keps14/problems/tidybot/p11.pddl.sas;0;0;84;54;0.006;data;gae;../keps14/problems/tidybot/p11.pddl.sas;0;0;84;54;0.028;data;ptt;../problems/tidybot/p11.pddl;84;84;84;84;0;data;max;../keps14/problems/tidybot/p11.pddl.sas;0;0;84;54;0.006;data;sat;../keps14/problems/tidybot/p11.pddl.sas;0;0;84;54;0.170;data;wmax;../keps14/problems/tidybot/p11.pddl.sas;0;0;84;64;0.02
data;ae;../keps14/problems/tidybot/p12.pddl.sas;0;0;67;51;0.004;data;gae;../keps14/problems/tidybot/p12.pddl.sas;0;0;67;51;0.024;data;ptt;../problems/tidybot/p12.pddl;67;67;67;67;0;data;max;../keps14/problems/tidybot/p12.pddl.sas;0;0;67;51;0.002;data;sat;../keps14/problems/tidybot/p12.pddl.sas;0;0;67;51;0.110;data;wmax;../keps14/problems/tidybot/p12.pddl.sas;0;0;67;61;0.01
data;ae;../keps14/problems/tidybot/p14.pddl.sas;0;0;68;50;0.006;data;gae;../keps14/problems/tidybot/p14.pddl.sas;0;0;68;50;0.022;data;ptt;../problems/tidybot/p14.pddl;68;68;68;68;0;data;max;../keps14/problems/tidybot/p14.pddl.sas;0;0;68;50;0.004;data;sat;../keps14/problems/tidybot/p14.pddl.sas;0;0;68;50;0.123;data;wmax;../keps14/problems/tidybot/p14.pddl.sas;0;0;68;52;0.02
data;ae;../keps14/problems/tidybot/p15.pddl.sas;0;0;55;49;0.003;data;gae;../keps14/problems/tidybot/p15.pddl.sas;0;0;55;49;0.013;data;ptt;../problems/tidybot/p15.pddl;55;55;55;55;0;data;max;../keps14/problems/tidybot/p15.pddl.sas;0;0;55;49;0.001;data;sat;../keps14/problems/tidybot/p15.pddl.sas;0;0;55;49;0.064;data;wmax;../keps14/problems/tidybot/p15.pddl.sas;0;0;55;49;0.01
data;ae;../keps14/problems/tidybot/p16.pddl.sas;0;0;112;70;0.011;data;gae;../keps14/problems/tidybot/p16.pddl.sas;0;0;112;70;0.031;data;ptt;../problems/tidybot/p16.pddl;112;112;112;112;0;data;max;../keps14/problems/tidybot/p16.pddl.sas;0;0;112;70;0.006;data;sat;../keps14/problems/tidybot/p16.pddl.sas;0;0;112;70;0.160;data;wmax;../keps14/problems/tidybot/p16.pddl.sas;0;0;112;88;0.05
data;ae;../keps14/problems/tidybot/p17.pddl.sas;0;0;124;74;0.010;data;gae;../keps14/problems/tidybot/p17.pddl.sas;0;0;124;74;0.035;data;ptt;../problems/tidybot/p17.pddl;124;124;124;124;0;data;max;../keps14/problems/tidybot/p17.pddl.sas;0;0;124;74;0.009;data;sat;../keps14/problems/tidybot/p17.pddl.sas;0;0;124;74;0.234;data;wmax;../keps14/problems/tidybot/p17.pddl.sas;0;0;124;84;0.05
data;ae;../keps14/problems/tidybot/p18.pddl.sas;0;0;127;71;0.012;data;gae;../keps14/problems/tidybot/p18.pddl.sas;0;0;127;69;0.043;data;ptt;../problems/tidybot/p18.pddl;127;127;127;127;0;data;max;../keps14/problems/tidybot/p18.pddl.sas;0;0;127;69;0.017;data;sat;../keps14/problems/tidybot/p18.pddl.sas;0;0;127;71;0.321;data;wmax;../keps14/problems/tidybot/p18.pddl.sas;0;0;127;93;0.09
data;ae;../keps14/problems/transport/p01.pddl.sas;5011;2851;424;248;0.068;data;gae;../keps14/problems/transport/p01.pddl.sas;5011;2758;424;242;0.162;data;ptt;../problems/transport/p01.pddl;5011;4095;424;364;.06;data;max;../keps14/problems/transport/p01.pddl.sas;5011;2552;424;228;0.056;data;sat;../keps14/problems/transport/p01.pddl.sas;5011;2758;424;242;0.521;data;wmax;../keps14/problems/transport/p01.pddl.sas;5011;2552;424;228;6.52
data;ae;../keps14/problems/transport/p02.pddl.sas;3540;2215;359;208;0.055;data;gae;../keps14/problems/transport/p02.pddl.sas;3540;2101;359;199;0.126;data;ptt;../problems/transport/p02.pddl;3540;2799;359;291;.08;data;max;../keps14/problems/transport/p02.pddl.sas;3540;2085;359;196;0.04;data;sat;../keps14/problems/transport/p02.pddl.sas;3540;2101;359;199;0.468;data;wmax;../keps14/problems/transport/p02.pddl.sas;3540;2085;359;196;0.57
data;ae;../keps14/problems/transport/p04.pddl.sas;8454;5468;310;191;0.047;data;gae;../keps14/problems/transport/p04.pddl.sas;8454;5096;310;179;0.092;data;ptt;../problems/transport/p04.pddl;8454;6082;310;223;.04;data;max;../keps14/problems/transport/p04.pddl.sas;8454;5096;310;179;0.035;data;sat;../keps14/problems/transport/p04.pddl.sas;8454;5159;310;182;0.328;data;wmax;../keps14/problems/transport/p04.pddl.sas;8454;5096;310;179;0.80
data;ae;../keps14/problems/transport/p08.pddl.sas;3491;3034;353;291;0.036;data;gae;../keps14/problems/transport/p08.pddl.sas;3491;3034;353;291;0.106;data;ptt;../problems/transport/p08.pddl;3491;3298;353;322;.06;data;max;../keps14/problems/transport/p08.pddl.sas;3491;3027;353;290;0.025;data;sat;../keps14/problems/transport/p08.pddl.sas;3491;3034;353;291;0.370;data;wmax;../keps14/problems/transport/p08.pddl.sas;3491;3027;353;290;0.25
data;ae;../keps14/problems/woodworking/p01.pddl.sas;1240;1240;53;53;0.008;data;gae;../keps14/problems/woodworking/p01.pddl.sas;1240;1240;53;53;0.008;data;ptt;../problems/woodworking/p01.pddl;1240;;53;-1;0;data;max;../keps14/problems/woodworking/p01.pddl.sas;1240;1240;53;53;0;data;sat;../keps14/problems/woodworking/p01.pddl.sas;1240;1240;53;53;0.058;data;wmax;../keps14/problems/woodworking/p01.pddl.sas;1240;1240;53;53;0.00
data;ae;../keps14/problems/woodworking/p02.pddl.sas;1495;1495;60;60;0.007;data;gae;../keps14/problems/woodworking/p02.pddl.sas;1495;1495;60;60;0.009;data;ptt;../problems/woodworking/p02.pddl;1495;;60;-1;0;data;max;../keps14/problems/woodworking/p02.pddl.sas;1495;1495;60;60;0;data;sat;../keps14/problems/woodworking/p02.pddl.sas;1495;1495;60;60;0.063;data;wmax;../keps14/problems/woodworking/p02.pddl.sas;1495;1495;60;60;0.00
data;ae;../keps14/problems/woodworking/p03.pddl.sas;1355;1355;65;65;0.010;data;gae;../keps14/problems/woodworking/p03.pddl.sas;1355;1355;65;65;0.010;data;ptt;../problems/woodworking/p03.pddl;1355;;65;-1;0;data;max;../keps14/problems/woodworking/p03.pddl.sas;1355;1355;65;65;0;data;sat;../keps14/problems/woodworking/p03.pddl.sas;1355;1355;65;65;0.061;data;wmax;../keps14/problems/woodworking/p03.pddl.sas;1355;1355;65;65;0.00
data;ae;../keps14/problems/woodworking/p04.pddl.sas;1420;1420;63;63;0.010;data;gae;../keps14/problems/woodworking/p04.pddl.sas;1420;1420;63;63;0.008;data;ptt;../problems/woodworking/p04.pddl;1420;;63;-1;0;data;max;../keps14/problems/woodworking/p04.pddl.sas;1420;1420;63;63;0.001;data;sat;../keps14/problems/woodworking/p04.pddl.sas;1420;1420;63;63;0.060;data;wmax;../keps14/problems/woodworking/p04.pddl.sas;1420;1420;63;63;0.01
data;ae;../keps14/problems/woodworking/p05.pddl.sas;1665;1665;75;75;0.011;data;gae;../keps14/problems/woodworking/p05.pddl.sas;1665;1665;75;75;0.011;data;ptt;../problems/woodworking/p05.pddl;1665;;75;-1;0;data;max;../keps14/problems/woodworking/p05.pddl.sas;1665;1665;75;75;0;data;sat;../keps14/problems/woodworking/p05.pddl.sas;1665;1665;75;75;0.070;data;wmax;../keps14/problems/woodworking/p05.pddl.sas;1665;1665;75;75;0.01
data;ae;../keps14/problems/woodworking/p06.pddl.sas;1560;1560;74;74;0.011;data;gae;../keps14/problems/woodworking/p06.pddl.sas;1560;1560;74;74;0.009;data;ptt;../problems/woodworking/p06.pddl;1560;;74;-1;0;data;max;../keps14/problems/woodworking/p06.pddl.sas;1560;1560;74;74;0.001;data;sat;../keps14/problems/woodworking/p06.pddl.sas;1560;1560;74;74;0.067;data;wmax;../keps14/problems/woodworking/p06.pddl.sas;1560;1560;74;74;0.00
data;ae;../keps14/problems/woodworking/p07.pddl.sas;1645;1645;72;72;0.011;data;gae;../keps14/problems/woodworking/p07.pddl.sas;1645;1645;72;72;0.008;data;ptt;../problems/woodworking/p07.pddl;1645;;72;-1;0;data;max;../keps14/problems/woodworking/p07.pddl.sas;1645;1645;72;72;0.001;data;sat;../keps14/problems/woodworking/p07.pddl.sas;1645;1645;72;72;0.066;data;wmax;../keps14/problems/woodworking/p07.pddl.sas;1645;1645;72;72;0.00
data;ae;../keps14/problems/woodworking/p08.pddl.sas;1495;1495;73;73;0.011;data;gae;../keps14/problems/woodworking/p08.pddl.sas;1495;1495;73;73;0.011;data;ptt;../problems/woodworking/p08.pddl;1495;;73;-1;0;data;max;../keps14/problems/woodworking/p08.pddl.sas;1495;1495;73;73;0;data;sat;../keps14/problems/woodworking/p08.pddl.sas;1495;1495;73;73;0.072;data;wmax;../keps14/problems/woodworking/p08.pddl.sas;1495;1495;73;73;0.00
data;ae;../keps14/problems/woodworking/p09.pddl.sas;1275;1275;58;58;0.009;data;gae;../keps14/problems/woodworking/p09.pddl.sas;1275;1275;58;58;0.009;data;ptt;../problems/woodworking/p09.pddl;1275;;58;-1;0;data;max;../keps14/problems/woodworking/p09.pddl.sas;1275;1275;58;58;0.001;data;sat;../keps14/problems/woodworking/p09.pddl.sas;1275;1275;58;58;0.062;data;wmax;../keps14/problems/woodworking/p09.pddl.sas;1275;1275;58;58;0.00
data;ae;../keps14/problems/woodworking/p10.pddl.sas;55;55;5;5;0.000;data;gae;../keps14/problems/woodworking/p10.pddl.sas;55;55;5;5;0.000;data;ptt;../problems/woodworking/p10.pddl;55;;5;-1;0;data;max;../keps14/problems/woodworking/p10.pddl.sas;55;55;5;5;0;data;sat;../keps14/problems/woodworking/p10.pddl.sas;55;55;5;5;0.032;data;wmax;../keps14/problems/woodworking/p10.pddl.sas;55;55;5;5;0.00
data;ae;../keps14/problems/woodworking/p11.pddl.sas;1780;1780;84;84;0.013;data;gae;../keps14/problems/woodworking/p11.pddl.sas;1780;1780;84;84;0.013;data;ptt;../problems/woodworking/p11.pddl;1780;;84;-1;0;data;max;../keps14/problems/woodworking/p11.pddl.sas;1780;1780;84;84;0.001;data;sat;../keps14/problems/woodworking/p11.pddl.sas;1780;1780;84;84;0.075;data;wmax;../keps14/problems/woodworking/p11.pddl.sas;1780;1780;84;84;0.00
data;ae;../keps14/problems/woodworking/p12.pddl.sas;1785;1785;79;79;0.013;data;gae;../keps14/problems/woodworking/p12.pddl.sas;1785;1785;79;79;0.010;data;ptt;../problems/woodworking/p12.pddl;1785;;79;-1;0;data;max;../keps14/problems/woodworking/p12.pddl.sas;1785;1785;79;79;0;data;sat;../keps14/problems/woodworking/p12.pddl.sas;1785;1785;79;79;0.072;data;wmax;../keps14/problems/woodworking/p12.pddl.sas;1785;1785;79;79;0.00
data;ae;../keps14/problems/woodworking/p13.pddl.sas;1910;1910;90;90;0.014;data;gae;../keps14/problems/woodworking/p13.pddl.sas;1910;1910;90;90;0.012;data;ptt;../problems/woodworking/p13.pddl;1910;;90;-1;0;data;max;../keps14/problems/woodworking/p13.pddl.sas;1910;1910;90;90;0.001;data;sat;../keps14/problems/woodworking/p13.pddl.sas;1910;1910;90;90;0.081;data;wmax;../keps14/problems/woodworking/p13.pddl.sas;1910;1910;90;90;0.01
data;ae;../keps14/problems/woodworking/p14.pddl.sas;1380;1380;72;72;0.014;data;gae;../keps14/problems/woodworking/p14.pddl.sas;1380;1380;72;72;0.011;data;ptt;../problems/woodworking/p14.pddl;1380;;72;-1;0;data;max;../keps14/problems/woodworking/p14.pddl.sas;1380;1380;72;72;0.001;data;sat;../keps14/problems/woodworking/p14.pddl.sas;1380;1380;72;72;0.066;data;wmax;../keps14/problems/woodworking/p14.pddl.sas;1380;1380;72;72;0.00
data;ae;../keps14/problems/woodworking/p15.pddl.sas;2145;2145;96;96;0.015;data;gae;../keps14/problems/woodworking/p15.pddl.sas;2145;2145;96;96;0.015;data;ptt;../problems/woodworking/p15.pddl;2145;;96;-1;0;data;max;../keps14/problems/woodworking/p15.pddl.sas;2145;2145;96;96;0.001;data;sat;../keps14/problems/woodworking/p15.pddl.sas;2145;2145;96;96;0.082;data;wmax;../keps14/problems/woodworking/p15.pddl.sas;2145;2145;96;96;0.01
data;ae;../keps14/problems/woodworking/p16.pddl.sas;1860;1860;88;88;0.014;data;gae;../keps14/problems/woodworking/p16.pddl.sas;1860;1860;88;88;0.013;data;ptt;../problems/woodworking/p16.pddl;1860;;88;-1;0;data;max;../keps14/problems/woodworking/p16.pddl.sas;1860;1860;88;88;0.001;data;sat;../keps14/problems/woodworking/p16.pddl.sas;1860;1860;88;88;0.076;data;wmax;../keps14/problems/woodworking/p16.pddl.sas;1860;1860;88;88;0.01
data;ae;../keps14/problems/woodworking/p17.pddl.sas;935;935;43;43;0.004;data;gae;../keps14/problems/woodworking/p17.pddl.sas;935;935;43;43;0.004;data;ptt;../problems/woodworking/p17.pddl;935;;43;-1;0;data;max;../keps14/problems/woodworking/p17.pddl.sas;935;935;43;43;0;data;sat;../keps14/problems/woodworking/p17.pddl.sas;935;935;43;43;0.050;data;wmax;../keps14/problems/woodworking/p17.pddl.sas;935;935;43;43;0.00
data;ae;../keps14/problems/woodworking/p18.pddl.sas;1350;1350;62;62;0.011;data;gae;../keps14/problems/woodworking/p18.pddl.sas;1350;1350;62;62;0.008;data;ptt;../problems/woodworking/p18.pddl;1350;;62;-1;0;data;max;../keps14/problems/woodworking/p18.pddl.sas;1350;1350;62;62;0.001;data;sat;../keps14/problems/woodworking/p18.pddl.sas;1350;1350;62;62;0.062;data;wmax;../keps14/problems/woodworking/p18.pddl.sas;1350;1350;62;62;0.00
data;ae;../keps14/problems/woodworking/p19.pddl.sas;1245;1245;56;56;0.008;data;gae;../keps14/problems/woodworking/p19.pddl.sas;1245;1245;56;56;0.005;data;ptt;../problems/woodworking/p19.pddl;1245;;56;-1;0;data;max;../keps14/problems/woodworking/p19.pddl.sas;1245;1245;56;56;0;data;sat;../keps14/problems/woodworking/p19.pddl.sas;1245;1245;56;56;0.057;data;wmax;../keps14/problems/woodworking/p19.pddl.sas;1245;1245;56;56;0.00
data;ae;../keps14/problems/woodworking/p20.pddl.sas;1340;1340;57;57;0.008;data;gae;../keps14/problems/woodworking/p20.pddl.sas;1340;1340;57;57;0.005;data;ptt;../problems/woodworking/p20.pddl;1340;;57;-1;0;data;max;../keps14/problems/woodworking/p20.pddl.sas;1340;1340;57;57;0.001;data;sat;../keps14/problems/woodworking/p20.pddl.sas;1340;1340;57;57;0.063;data;wmax;../keps14/problems/woodworking/p20.pddl.sas;1340;1340;57;57;0.00
